Using pre-set license
Built from '6000.0/release' branch; Version is '6000.0.45f1 (d91bd3d4e081) revision 14228435'; Using compiler version '193933523'; Build Type 'Release'
OS: 'Windows 11  (10.0.26100) 64bit Professional' Language: 'en' Physical Memory: 16202 MB
BatchMode: 1, IsHumanControllingUs: 0, StartBugReporterOnCrash: 0, Is64bit: 1, IsPro: 1

COMMAND LINE ARGUMENTS:
C:\Program Files\Unity\Hub\Editor\6000.0.45f1\Editor\Unity.exe
-adb2
-batchMode
-noUpm
-name
AssetImportWorker4
-projectPath
C:/Users/ASUS/Downloads/Workspace/Unity Project/City_Car_Racing/City_Car_Racing
-logFile
Logs/AssetImportWorker4.log
-srvPort
1286
-job-worker-count
7
-background-job-worker-count
8
-gc-helper-count
1
Successfully changed project path to: C:/Users/ASUS/Downloads/Workspace/Unity Project/City_Car_Racing/City_Car_Racing
C:/Users/ASUS/Downloads/Workspace/Unity Project/City_Car_Racing/City_Car_Racing
[UnityMemory] Configuration Parameters - Can be set up in boot.config
    "memorysetup-bucket-allocator-granularity=16"
    "memorysetup-bucket-allocator-bucket-count=8"
    "memorysetup-bucket-allocator-block-size=33554432"
    "memorysetup-bucket-allocator-block-count=8"
    "memorysetup-main-allocator-block-size=16777216"
    "memorysetup-thread-allocator-block-size=16777216"
    "memorysetup-gfx-main-allocator-block-size=16777216"
    "memorysetup-gfx-thread-allocator-block-size=16777216"
    "memorysetup-cache-allocator-block-size=4194304"
    "memorysetup-typetree-allocator-block-size=2097152"
    "memorysetup-profiler-bucket-allocator-granularity=16"
    "memorysetup-profiler-bucket-allocator-bucket-count=8"
    "memorysetup-profiler-bucket-allocator-block-size=33554432"
    "memorysetup-profiler-bucket-allocator-block-count=8"
    "memorysetup-profiler-allocator-block-size=16777216"
    "memorysetup-profiler-editor-allocator-block-size=1048576"
    "memorysetup-temp-allocator-size-main=16777216"
    "memorysetup-job-temp-allocator-block-size=2097152"
    "memorysetup-job-temp-allocator-block-size-background=1048576"
    "memorysetup-job-temp-allocator-reduction-small-platforms=262144"
    "memorysetup-allocator-temp-initial-block-size-main=262144"
    "memorysetup-allocator-temp-initial-block-size-worker=262144"
    "memorysetup-temp-allocator-size-background-worker=32768"
    "memorysetup-temp-allocator-size-job-worker=262144"
    "memorysetup-temp-allocator-size-preload-manager=33554432"
    "memorysetup-temp-allocator-size-nav-mesh-worker=65536"
    "memorysetup-temp-allocator-size-audio-worker=65536"
    "memorysetup-temp-allocator-size-cloud-worker=32768"
    "memorysetup-temp-allocator-size-gi-baking-worker=262144"
    "memorysetup-temp-allocator-size-gi-baking-worker=262144"
    "memorysetup-temp-allocator-size-gi-baking-worker=262144"
    "memorysetup-temp-allocator-size-gi-baking-worker=262144"
    "memorysetup-temp-allocator-size-gi-baking-worker=262144"
    "memorysetup-temp-allocator-size-gfx=262144"
Player connection [25096]  Target information:

Player connection [25096]  * "[IP] 192.168.150.52 [Port] 0 [Flags] 2 [Guid] 1807712390 [EditorId] 1807712390 [Version] 1048832 [Id] WindowsEditor(7,DESKTOP-GO94N5E) [Debug] 1 [PackageName] WindowsEditor [ProjectName] Editor" 

Player connection [25096] Host joined multi-casting on [225.0.0.222:54997]...
Player connection [25096] Host joined alternative multi-casting on [225.0.0.222:34997]...
JobSystem: Creating JobQueue using job-worker-count value 7
Input System module state changed to: Initialized.
[Physics::Module] Initialized fallback backend.
[Physics::Module] Id: 0xdecafbad
Library Redirect Path: Library/
[Physics::Module] Selected backend.
[Physics::Module] Name: PhysX
[Physics::Module] Id: 0xf2b8ea05
[Physics::Module] SDK Version: 4.1.2
[Physics::Module] Integration Version: 1.0.0
[Physics::Module] Threading Mode: Multi-Threaded
Refreshing native plugins compatible for Editor in 1.38 ms, found 3 plugins.
Preloading 0 native plugins for Editor in 0.00 ms.
Initialize engine version: 6000.0.45f1 (d91bd3d4e081)
[Subsystems] Discovering subsystems at path C:/Program Files/Unity/Hub/Editor/6000.0.45f1/Editor/Data/Resources/UnitySubsystems
[Subsystems] Discovering subsystems at path C:/Users/ASUS/Downloads/Workspace/Unity Project/City_Car_Racing/City_Car_Racing/Assets
GfxDevice: creating device client; kGfxThreadingModeNonThreaded
Direct3D:
    Version:  Direct3D 11.0 [level 11.1]
    Renderer: NVIDIA GeForce RTX 4060 Laptop GPU (ID=0x28e0)
    Vendor:   NVIDIA
    VRAM:     7957 MB
    Driver:   32.0.15.7216
Initialize mono
Mono path[0] = 'C:/Program Files/Unity/Hub/Editor/6000.0.45f1/Editor/Data/Managed'
Mono path[1] = 'C:/Program Files/Unity/Hub/Editor/6000.0.45f1/Editor/Data/MonoBleedingEdge/lib/mono/unityjit-win32'
Mono config path = 'C:/Program Files/Unity/Hub/Editor/6000.0.45f1/Editor/Data/MonoBleedingEdge/etc'
Using monoOptions --debugger-agent=transport=dt_socket,embedding=1,server=y,suspend=n,address=127.0.0.1:56892
Begin MonoManager ReloadAssembly
Registering precompiled unity dll's ...
Register platform support module: C:/Program Files/Unity/Hub/Editor/6000.0.45f1/Editor/Data/PlaybackEngines/WindowsStandaloneSupport/UnityEditor.WindowsStandalone.Extensions.dll
Register platform support module: C:/Program Files/Unity/Hub/Editor/6000.0.45f1/Editor/Data/PlaybackEngines/MetroSupport/UnityEditor.UWP.Extensions.dll
Register platform support module: C:/Program Files/Unity/Hub/Editor/6000.0.45f1/Editor/Data/PlaybackEngines/AndroidPlayer/UnityEditor.Android.Extensions.dll
Registered in 0.003878 seconds.
- Loaded All Assemblies, in  0.356 seconds
Native extension for Android target not found
Android Extension - Scanning For ADB Devices 274 ms
Native extension for UWP target not found
Native extension for WindowsStandalone target not found
Mono: successfully reloaded assembly
- Finished resetting the current domain, in  0.607 seconds
Domain Reload Profiling: 961ms
	BeginReloadAssembly (113ms)
		ExecutionOrderSort (0ms)
		DisableScriptedObjects (0ms)
		BackupInstance (0ms)
		ReleaseScriptingObjects (0ms)
		CreateAndSetChildDomain (1ms)
	RebuildCommonClasses (35ms)
	RebuildNativeTypeToScriptingClass (10ms)
	initialDomainReloadingComplete (47ms)
	LoadAllAssembliesAndSetupDomain (149ms)
		LoadAssemblies (112ms)
		RebuildTransferFunctionScriptingTraits (0ms)
		AnalyzeDomain (145ms)
			TypeCache.Refresh (143ms)
				TypeCache.ScanAssembly (130ms)
			BuildScriptInfoCaches (0ms)
			ResolveRequiredComponents (1ms)
	FinalizeReload (607ms)
		ReleaseScriptCaches (0ms)
		RebuildScriptCaches (0ms)
		SetupLoadedEditorAssemblies (570ms)
			LogAssemblyErrors (0ms)
			InitializePlatformSupportModulesInManaged (357ms)
			SetLoadedEditorAssemblies (3ms)
			BeforeProcessingInitializeOnLoad (46ms)
			ProcessInitializeOnLoadAttributes (108ms)
			ProcessInitializeOnLoadMethodAttributes (56ms)
			AfterProcessingInitializeOnLoad (0ms)
			EditorAssembliesLoaded (0ms)
		ExecutionOrderSort2 (0ms)
		AwakeInstancesAfterBackupRestoration (0ms)
========================================================================
Worker process is ready to serve import requests
Import Worker Mode flag is 0x00
Begin MonoManager ReloadAssembly
- Loaded All Assemblies, in  0.603 seconds
Refreshing native plugins compatible for Editor in 0.93 ms, found 3 plugins.
Native extension for Android target not found
Native extension for UWP target not found
Native extension for WindowsStandalone target not found
Mono: successfully reloaded assembly
- Finished resetting the current domain, in  0.518 seconds
Domain Reload Profiling: 1117ms
	BeginReloadAssembly (154ms)
		ExecutionOrderSort (0ms)
		DisableScriptedObjects (6ms)
		BackupInstance (0ms)
		ReleaseScriptingObjects (0ms)
		CreateAndSetChildDomain (33ms)
	RebuildCommonClasses (39ms)
	RebuildNativeTypeToScriptingClass (10ms)
	initialDomainReloadingComplete (33ms)
	LoadAllAssembliesAndSetupDomain (362ms)
		LoadAssemblies (273ms)
		RebuildTransferFunctionScriptingTraits (0ms)
		AnalyzeDomain (173ms)
			TypeCache.Refresh (141ms)
				TypeCache.ScanAssembly (129ms)
			BuildScriptInfoCaches (26ms)
			ResolveRequiredComponents (4ms)
	FinalizeReload (519ms)
		ReleaseScriptCaches (0ms)
		RebuildScriptCaches (0ms)
		SetupLoadedEditorAssemblies (418ms)
			LogAssemblyErrors (0ms)
			InitializePlatformSupportModulesInManaged (12ms)
			SetLoadedEditorAssemblies (4ms)
			BeforeProcessingInitializeOnLoad (76ms)
			ProcessInitializeOnLoadAttributes (297ms)
			ProcessInitializeOnLoadMethodAttributes (24ms)
			AfterProcessingInitializeOnLoad (6ms)
			EditorAssembliesLoaded (0ms)
		ExecutionOrderSort2 (0ms)
		AwakeInstancesAfterBackupRestoration (5ms)
Launched and connected shader compiler UnityShaderCompiler.exe after 0.01 seconds
Refreshing native plugins compatible for Editor in 1.81 ms, found 3 plugins.
Preloading 0 native plugins for Editor in 0.00 ms.
Unloading 9 Unused Serialized files (Serialized files now loaded: 0)
Unloading 3811 unused Assets / (1.1 MB). Loaded Objects now: 4308.
Memory consumption went from 110.6 MB to 109.5 MB.
Total: 11.570800 ms (FindLiveObjects: 0.633800 ms CreateObjectMapping: 0.866000 ms MarkObjects: 8.206400 ms  DeleteObjects: 1.862500 ms)

========================================================================
Received Import Request.
  Time since last request: 5093.317219 seconds.
  path: Assets/CineMachines/ThirdPersonCineMachine.prefab
  artifactKey: Guid(3339eb9993545004a9ac88e6738c677c) Importer(815301076,1909f56bfc062723c751e8b465ee728b)
Start importing Assets/CineMachines/ThirdPersonCineMachine.prefab using Guid(3339eb9993545004a9ac88e6738c677c) Importer(815301076,1909f56bfc062723c751e8b465ee728b) (PreviewImporter) -> (artifact id: '10d06d658735874e7a0a346bee9fe9ef') in 0.0462948 seconds
Number of updated asset objects reloaded before import = 0Number of asset objects unloaded after import = 12

========================================================================
Received Prepare
Assembly reference Packages/com.unity.cinemachine/Editor/Samples/ExposeHDRPInternals/HDRP-Editor-ref.asmref has no target assembly definition
Assembly reference Packages/com.unity.cinemachine/Editor/Samples/ExposeHDRPInternals/HDRP-Editor-ref.asmref has no target assembly definition
Begin MonoManager ReloadAssembly
- Loaded All Assemblies, in  0.808 seconds
Assembly reference Packages/com.unity.cinemachine/Editor/Samples/ExposeHDRPInternals/HDRP-Editor-ref.asmref has no target assembly definition
'Packages/com.unity.cinemachine/Editor/Obsolete/CinemachineVirtualCameraBaseEditor.cs' contains partial class of Unity.Object, exactly 1 of the partial classes needs to be in a file with the same filename. This is to know the one that can be referenced from ie. GameObjects
'Packages/com.unity.cinemachine/Editor/Editors/CinemachineVirtualCameraBaseEditor.cs' contains partial class of Unity.Object, exactly 1 of the partial classes needs to be in a file with the same filename. This is to know the one that can be referenced from ie. GameObjects
Refreshing native plugins compatible for Editor in 1.40 ms, found 3 plugins.
Native extension for Android target not found
Native extension for UWP target not found
Native extension for WindowsStandalone target not found
Assembly reference Packages/com.unity.cinemachine/Editor/Samples/ExposeHDRPInternals/HDRP-Editor-ref.asmref has no target assembly definition
Package Manager log level set to [2]
[Package Manager] Failed to launch server process. Reason: Unity was launched with the -noUpm command-line argument
[Package Manager] Unable to send message (not connected to server process).
[Package Manager] Cannot connect to Unity Package Manager local server
Mono: successfully reloaded assembly
- Finished resetting the current domain, in  0.767 seconds
Domain Reload Profiling: 1573ms
	BeginReloadAssembly (236ms)
		ExecutionOrderSort (0ms)
		DisableScriptedObjects (9ms)
		BackupInstance (0ms)
		ReleaseScriptingObjects (0ms)
		CreateAndSetChildDomain (63ms)
	RebuildCommonClasses (34ms)
	RebuildNativeTypeToScriptingClass (11ms)
	initialDomainReloadingComplete (40ms)
	LoadAllAssembliesAndSetupDomain (484ms)
		LoadAssemblies (415ms)
		RebuildTransferFunctionScriptingTraits (0ms)
		AnalyzeDomain (187ms)
			TypeCache.Refresh (16ms)
				TypeCache.ScanAssembly (10ms)
			BuildScriptInfoCaches (158ms)
			ResolveRequiredComponents (8ms)
	FinalizeReload (768ms)
		ReleaseScriptCaches (0ms)
		RebuildScriptCaches (0ms)
		SetupLoadedEditorAssemblies (629ms)
			LogAssemblyErrors (0ms)
			InitializePlatformSupportModulesInManaged (31ms)
			SetLoadedEditorAssemblies (4ms)
			BeforeProcessingInitializeOnLoad (118ms)
			ProcessInitializeOnLoadAttributes (444ms)
			ProcessInitializeOnLoadMethodAttributes (27ms)
			AfterProcessingInitializeOnLoad (6ms)
			EditorAssembliesLoaded (0ms)
		ExecutionOrderSort2 (0ms)
		AwakeInstancesAfterBackupRestoration (5ms)
Refreshing native plugins compatible for Editor in 2.44 ms, found 3 plugins.
Preloading 0 native plugins for Editor in 0.00 ms.
Unloading 3 Unused Serialized files (Serialized files now loaded: 0)
Unloading 4355 unused Assets / (1.4 MB). Loaded Objects now: 4856.
Memory consumption went from 113.4 MB to 112.0 MB.
Total: 11.400900 ms (FindLiveObjects: 0.903800 ms CreateObjectMapping: 0.914300 ms MarkObjects: 7.554600 ms  DeleteObjects: 2.025400 ms)

Prepare: number of updated asset objects reloaded= 0
========================================================================
Received Import Request.
  Time since last request: 462.347451 seconds.
  path: Assets/Scenes
  artifactKey: Guid(9c53962885c2c4f449125a979d6ad240) Importer(815301076,1909f56bfc062723c751e8b465ee728b)
Start importing Assets/Scenes using Guid(9c53962885c2c4f449125a979d6ad240) Importer(815301076,1909f56bfc062723c751e8b465ee728b) (PreviewImporter) -> (artifact id: 'd65b75f456837a3494a5e6e744543932') in 0.0029037 seconds
Number of updated asset objects reloaded before import = 0Number of asset objects unloaded after import = 0

========================================================================
Received Prepare
Assembly reference Packages/com.unity.cinemachine/Editor/Samples/ExposeHDRPInternals/HDRP-Editor-ref.asmref has no target assembly definition
Assembly reference Packages/com.unity.cinemachine/Editor/Samples/ExposeHDRPInternals/HDRP-Editor-ref.asmref has no target assembly definition
Begin MonoManager ReloadAssembly
- Loaded All Assemblies, in  0.731 seconds
Assembly reference Packages/com.unity.cinemachine/Editor/Samples/ExposeHDRPInternals/HDRP-Editor-ref.asmref has no target assembly definition
'Packages/com.unity.cinemachine/Editor/Obsolete/CinemachineVirtualCameraBaseEditor.cs' contains partial class of Unity.Object, exactly 1 of the partial classes needs to be in a file with the same filename. This is to know the one that can be referenced from ie. GameObjects
'Packages/com.unity.cinemachine/Editor/Editors/CinemachineVirtualCameraBaseEditor.cs' contains partial class of Unity.Object, exactly 1 of the partial classes needs to be in a file with the same filename. This is to know the one that can be referenced from ie. GameObjects
Refreshing native plugins compatible for Editor in 1.34 ms, found 3 plugins.
Native extension for Android target not found
Native extension for UWP target not found
Native extension for WindowsStandalone target not found
Assembly reference Packages/com.unity.cinemachine/Editor/Samples/ExposeHDRPInternals/HDRP-Editor-ref.asmref has no target assembly definition
[Package Manager] Failed to launch server process. Reason: Unity was launched with the -noUpm command-line argument
[Package Manager] Unable to send message (not connected to server process).
[Package Manager] Cannot connect to Unity Package Manager local server
Mono: successfully reloaded assembly
- Finished resetting the current domain, in  0.680 seconds
Domain Reload Profiling: 1410ms
	BeginReloadAssembly (218ms)
		ExecutionOrderSort (0ms)
		DisableScriptedObjects (7ms)
		BackupInstance (0ms)
		ReleaseScriptingObjects (0ms)
		CreateAndSetChildDomain (58ms)
	RebuildCommonClasses (42ms)
	RebuildNativeTypeToScriptingClass (11ms)
	initialDomainReloadingComplete (33ms)
	LoadAllAssembliesAndSetupDomain (425ms)
		LoadAssemblies (352ms)
		RebuildTransferFunctionScriptingTraits (0ms)
		AnalyzeDomain (183ms)
			TypeCache.Refresh (9ms)
				TypeCache.ScanAssembly (0ms)
			BuildScriptInfoCaches (162ms)
			ResolveRequiredComponents (8ms)
	FinalizeReload (681ms)
		ReleaseScriptCaches (0ms)
		RebuildScriptCaches (0ms)
		SetupLoadedEditorAssemblies (545ms)
			LogAssemblyErrors (0ms)
			InitializePlatformSupportModulesInManaged (12ms)
			SetLoadedEditorAssemblies (3ms)
			BeforeProcessingInitializeOnLoad (107ms)
			ProcessInitializeOnLoadAttributes (390ms)
			ProcessInitializeOnLoadMethodAttributes (28ms)
			AfterProcessingInitializeOnLoad (6ms)
			EditorAssembliesLoaded (0ms)
		ExecutionOrderSort2 (0ms)
		AwakeInstancesAfterBackupRestoration (8ms)
Refreshing native plugins compatible for Editor in 1.75 ms, found 3 plugins.
Preloading 0 native plugins for Editor in 0.00 ms.
Unloading 2 Unused Serialized files (Serialized files now loaded: 0)
Unloading 4355 unused Assets / (1.6 MB). Loaded Objects now: 4856.
Memory consumption went from 113.4 MB to 111.8 MB.
Total: 14.627000 ms (FindLiveObjects: 0.880500 ms CreateObjectMapping: 1.320200 ms MarkObjects: 9.732900 ms  DeleteObjects: 2.691700 ms)

Prepare: number of updated asset objects reloaded= 0
========================================================================
Received Prepare
Assembly reference Packages/com.unity.cinemachine/Editor/Samples/ExposeHDRPInternals/HDRP-Editor-ref.asmref has no target assembly definition
Assembly reference Packages/com.unity.cinemachine/Editor/Samples/ExposeHDRPInternals/HDRP-Editor-ref.asmref has no target assembly definition
Begin MonoManager ReloadAssembly
- Loaded All Assemblies, in  0.598 seconds
Assembly reference Packages/com.unity.cinemachine/Editor/Samples/ExposeHDRPInternals/HDRP-Editor-ref.asmref has no target assembly definition
'Packages/com.unity.cinemachine/Editor/Obsolete/CinemachineVirtualCameraBaseEditor.cs' contains partial class of Unity.Object, exactly 1 of the partial classes needs to be in a file with the same filename. This is to know the one that can be referenced from ie. GameObjects
'Packages/com.unity.cinemachine/Editor/Editors/CinemachineVirtualCameraBaseEditor.cs' contains partial class of Unity.Object, exactly 1 of the partial classes needs to be in a file with the same filename. This is to know the one that can be referenced from ie. GameObjects
Refreshing native plugins compatible for Editor in 0.94 ms, found 3 plugins.
Native extension for Android target not found
Native extension for UWP target not found
Native extension for WindowsStandalone target not found
Assembly reference Packages/com.unity.cinemachine/Editor/Samples/ExposeHDRPInternals/HDRP-Editor-ref.asmref has no target assembly definition
[Package Manager] Failed to launch server process. Reason: Unity was launched with the -noUpm command-line argument
[Package Manager] Unable to send message (not connected to server process).
[Package Manager] Cannot connect to Unity Package Manager local server
Mono: successfully reloaded assembly
- Finished resetting the current domain, in  0.622 seconds
Domain Reload Profiling: 1219ms
	BeginReloadAssembly (176ms)
		ExecutionOrderSort (0ms)
		DisableScriptedObjects (5ms)
		BackupInstance (0ms)
		ReleaseScriptingObjects (0ms)
		CreateAndSetChildDomain (45ms)
	RebuildCommonClasses (41ms)
	RebuildNativeTypeToScriptingClass (11ms)
	initialDomainReloadingComplete (25ms)
	LoadAllAssembliesAndSetupDomain (344ms)
		LoadAssemblies (283ms)
		RebuildTransferFunctionScriptingTraits (0ms)
		AnalyzeDomain (152ms)
			TypeCache.Refresh (7ms)
				TypeCache.ScanAssembly (0ms)
			BuildScriptInfoCaches (137ms)
			ResolveRequiredComponents (5ms)
	FinalizeReload (622ms)
		ReleaseScriptCaches (0ms)
		RebuildScriptCaches (0ms)
		SetupLoadedEditorAssemblies (497ms)
			LogAssemblyErrors (0ms)
			InitializePlatformSupportModulesInManaged (12ms)
			SetLoadedEditorAssemblies (3ms)
			BeforeProcessingInitializeOnLoad (86ms)
			ProcessInitializeOnLoadAttributes (359ms)
			ProcessInitializeOnLoadMethodAttributes (31ms)
			AfterProcessingInitializeOnLoad (5ms)
			EditorAssembliesLoaded (0ms)
		ExecutionOrderSort2 (0ms)
		AwakeInstancesAfterBackupRestoration (6ms)
Refreshing native plugins compatible for Editor in 2.09 ms, found 3 plugins.
Preloading 0 native plugins for Editor in 0.00 ms.
Unloading 2 Unused Serialized files (Serialized files now loaded: 0)
Unloading 4355 unused Assets / (1.9 MB). Loaded Objects now: 4856.
Memory consumption went from 113.5 MB to 111.6 MB.
Total: 13.670800 ms (FindLiveObjects: 0.772700 ms CreateObjectMapping: 1.000400 ms MarkObjects: 7.833300 ms  DeleteObjects: 4.062700 ms)

Prepare: number of updated asset objects reloaded= 0
========================================================================
Received Prepare
Assembly reference Packages/com.unity.cinemachine/Editor/Samples/ExposeHDRPInternals/HDRP-Editor-ref.asmref has no target assembly definition
Assembly reference Packages/com.unity.cinemachine/Editor/Samples/ExposeHDRPInternals/HDRP-Editor-ref.asmref has no target assembly definition
Begin MonoManager ReloadAssembly
- Loaded All Assemblies, in  0.549 seconds
Assembly reference Packages/com.unity.cinemachine/Editor/Samples/ExposeHDRPInternals/HDRP-Editor-ref.asmref has no target assembly definition
'Packages/com.unity.cinemachine/Editor/Obsolete/CinemachineVirtualCameraBaseEditor.cs' contains partial class of Unity.Object, exactly 1 of the partial classes needs to be in a file with the same filename. This is to know the one that can be referenced from ie. GameObjects
'Packages/com.unity.cinemachine/Editor/Editors/CinemachineVirtualCameraBaseEditor.cs' contains partial class of Unity.Object, exactly 1 of the partial classes needs to be in a file with the same filename. This is to know the one that can be referenced from ie. GameObjects
Refreshing native plugins compatible for Editor in 0.84 ms, found 3 plugins.
Native extension for Android target not found
Native extension for UWP target not found
Native extension for WindowsStandalone target not found
Assembly reference Packages/com.unity.cinemachine/Editor/Samples/ExposeHDRPInternals/HDRP-Editor-ref.asmref has no target assembly definition
[Package Manager] Failed to launch server process. Reason: Unity was launched with the -noUpm command-line argument
[Package Manager] Unable to send message (not connected to server process).
[Package Manager] Cannot connect to Unity Package Manager local server
Mono: successfully reloaded assembly
- Finished resetting the current domain, in  0.589 seconds
Domain Reload Profiling: 1138ms
	BeginReloadAssembly (167ms)
		ExecutionOrderSort (0ms)
		DisableScriptedObjects (5ms)
		BackupInstance (0ms)
		ReleaseScriptingObjects (0ms)
		CreateAndSetChildDomain (45ms)
	RebuildCommonClasses (35ms)
	RebuildNativeTypeToScriptingClass (10ms)
	initialDomainReloadingComplete (26ms)
	LoadAllAssembliesAndSetupDomain (311ms)
		LoadAssemblies (260ms)
		RebuildTransferFunctionScriptingTraits (0ms)
		AnalyzeDomain (132ms)
			TypeCache.Refresh (5ms)
				TypeCache.ScanAssembly (0ms)
			BuildScriptInfoCaches (119ms)
			ResolveRequiredComponents (5ms)
	FinalizeReload (590ms)
		ReleaseScriptCaches (0ms)
		RebuildScriptCaches (0ms)
		SetupLoadedEditorAssemblies (473ms)
			LogAssemblyErrors (0ms)
			InitializePlatformSupportModulesInManaged (10ms)
			SetLoadedEditorAssemblies (2ms)
			BeforeProcessingInitializeOnLoad (82ms)
			ProcessInitializeOnLoadAttributes (341ms)
			ProcessInitializeOnLoadMethodAttributes (31ms)
			AfterProcessingInitializeOnLoad (6ms)
			EditorAssembliesLoaded (0ms)
		ExecutionOrderSort2 (0ms)
		AwakeInstancesAfterBackupRestoration (7ms)
Refreshing native plugins compatible for Editor in 1.89 ms, found 3 plugins.
Preloading 0 native plugins for Editor in 0.00 ms.
Unloading 2 Unused Serialized files (Serialized files now loaded: 0)
Unloading 4355 unused Assets / (1.7 MB). Loaded Objects now: 4856.
Memory consumption went from 113.5 MB to 111.8 MB.
Total: 13.504000 ms (FindLiveObjects: 0.850100 ms CreateObjectMapping: 1.556100 ms MarkObjects: 8.094300 ms  DeleteObjects: 3.001200 ms)

Prepare: number of updated asset objects reloaded= 0
========================================================================
Received Prepare
Assembly reference Packages/com.unity.cinemachine/Editor/Samples/ExposeHDRPInternals/HDRP-Editor-ref.asmref has no target assembly definition
Assembly reference Packages/com.unity.cinemachine/Editor/Samples/ExposeHDRPInternals/HDRP-Editor-ref.asmref has no target assembly definition
Begin MonoManager ReloadAssembly
- Loaded All Assemblies, in  0.673 seconds
Assembly reference Packages/com.unity.cinemachine/Editor/Samples/ExposeHDRPInternals/HDRP-Editor-ref.asmref has no target assembly definition
'Packages/com.unity.cinemachine/Editor/Obsolete/CinemachineVirtualCameraBaseEditor.cs' contains partial class of Unity.Object, exactly 1 of the partial classes needs to be in a file with the same filename. This is to know the one that can be referenced from ie. GameObjects
'Packages/com.unity.cinemachine/Editor/Editors/CinemachineVirtualCameraBaseEditor.cs' contains partial class of Unity.Object, exactly 1 of the partial classes needs to be in a file with the same filename. This is to know the one that can be referenced from ie. GameObjects
Refreshing native plugins compatible for Editor in 0.94 ms, found 3 plugins.
Native extension for Android target not found
Native extension for UWP target not found
Native extension for WindowsStandalone target not found
Assembly reference Packages/com.unity.cinemachine/Editor/Samples/ExposeHDRPInternals/HDRP-Editor-ref.asmref has no target assembly definition
[Package Manager] Failed to launch server process. Reason: Unity was launched with the -noUpm command-line argument
[Package Manager] Unable to send message (not connected to server process).
[Package Manager] Cannot connect to Unity Package Manager local server
Mono: successfully reloaded assembly
- Finished resetting the current domain, in  0.664 seconds
Domain Reload Profiling: 1335ms
	BeginReloadAssembly (190ms)
		ExecutionOrderSort (0ms)
		DisableScriptedObjects (7ms)
		BackupInstance (0ms)
		ReleaseScriptingObjects (0ms)
		CreateAndSetChildDomain (45ms)
	RebuildCommonClasses (37ms)
	RebuildNativeTypeToScriptingClass (17ms)
	initialDomainReloadingComplete (33ms)
	LoadAllAssembliesAndSetupDomain (393ms)
		LoadAssemblies (312ms)
		RebuildTransferFunctionScriptingTraits (0ms)
		AnalyzeDomain (175ms)
			TypeCache.Refresh (6ms)
				TypeCache.ScanAssembly (0ms)
			BuildScriptInfoCaches (156ms)
			ResolveRequiredComponents (8ms)
	FinalizeReload (664ms)
		ReleaseScriptCaches (0ms)
		RebuildScriptCaches (0ms)
		SetupLoadedEditorAssemblies (538ms)
			LogAssemblyErrors (0ms)
			InitializePlatformSupportModulesInManaged (12ms)
			SetLoadedEditorAssemblies (4ms)
			BeforeProcessingInitializeOnLoad (101ms)
			ProcessInitializeOnLoadAttributes (385ms)
			ProcessInitializeOnLoadMethodAttributes (28ms)
			AfterProcessingInitializeOnLoad (6ms)
			EditorAssembliesLoaded (0ms)
		ExecutionOrderSort2 (0ms)
		AwakeInstancesAfterBackupRestoration (7ms)
Refreshing native plugins compatible for Editor in 1.89 ms, found 3 plugins.
Preloading 0 native plugins for Editor in 0.00 ms.
Unloading 2 Unused Serialized files (Serialized files now loaded: 0)
Unloading 4355 unused Assets / (1.5 MB). Loaded Objects now: 4856.
Memory consumption went from 113.5 MB to 111.9 MB.
Total: 12.931300 ms (FindLiveObjects: 0.972500 ms CreateObjectMapping: 1.143700 ms MarkObjects: 8.173900 ms  DeleteObjects: 2.639400 ms)

Prepare: number of updated asset objects reloaded= 0
========================================================================
Received Prepare
Assembly reference Packages/com.unity.cinemachine/Editor/Samples/ExposeHDRPInternals/HDRP-Editor-ref.asmref has no target assembly definition
Assembly reference Packages/com.unity.cinemachine/Editor/Samples/ExposeHDRPInternals/HDRP-Editor-ref.asmref has no target assembly definition
Begin MonoManager ReloadAssembly
- Loaded All Assemblies, in  0.565 seconds
Assembly reference Packages/com.unity.cinemachine/Editor/Samples/ExposeHDRPInternals/HDRP-Editor-ref.asmref has no target assembly definition
'Packages/com.unity.cinemachine/Editor/Obsolete/CinemachineVirtualCameraBaseEditor.cs' contains partial class of Unity.Object, exactly 1 of the partial classes needs to be in a file with the same filename. This is to know the one that can be referenced from ie. GameObjects
'Packages/com.unity.cinemachine/Editor/Editors/CinemachineVirtualCameraBaseEditor.cs' contains partial class of Unity.Object, exactly 1 of the partial classes needs to be in a file with the same filename. This is to know the one that can be referenced from ie. GameObjects
Refreshing native plugins compatible for Editor in 0.92 ms, found 3 plugins.
Native extension for Android target not found
Native extension for UWP target not found
Native extension for WindowsStandalone target not found
Assembly reference Packages/com.unity.cinemachine/Editor/Samples/ExposeHDRPInternals/HDRP-Editor-ref.asmref has no target assembly definition
[Package Manager] Failed to launch server process. Reason: Unity was launched with the -noUpm command-line argument
[Package Manager] Unable to send message (not connected to server process).
[Package Manager] Cannot connect to Unity Package Manager local server
Mono: successfully reloaded assembly
- Finished resetting the current domain, in  0.634 seconds
Domain Reload Profiling: 1199ms
	BeginReloadAssembly (178ms)
		ExecutionOrderSort (0ms)
		DisableScriptedObjects (5ms)
		BackupInstance (0ms)
		ReleaseScriptingObjects (0ms)
		CreateAndSetChildDomain (42ms)
	RebuildCommonClasses (33ms)
	RebuildNativeTypeToScriptingClass (10ms)
	initialDomainReloadingComplete (24ms)
	LoadAllAssembliesAndSetupDomain (318ms)
		LoadAssemblies (277ms)
		RebuildTransferFunctionScriptingTraits (0ms)
		AnalyzeDomain (136ms)
			TypeCache.Refresh (6ms)
				TypeCache.ScanAssembly (0ms)
			BuildScriptInfoCaches (122ms)
			ResolveRequiredComponents (6ms)
	FinalizeReload (634ms)
		ReleaseScriptCaches (0ms)
		RebuildScriptCaches (0ms)
		SetupLoadedEditorAssemblies (506ms)
			LogAssemblyErrors (0ms)
			InitializePlatformSupportModulesInManaged (13ms)
			SetLoadedEditorAssemblies (3ms)
			BeforeProcessingInitializeOnLoad (99ms)
			ProcessInitializeOnLoadAttributes (357ms)
			ProcessInitializeOnLoadMethodAttributes (29ms)
			AfterProcessingInitializeOnLoad (5ms)
			EditorAssembliesLoaded (0ms)
		ExecutionOrderSort2 (0ms)
		AwakeInstancesAfterBackupRestoration (8ms)
Refreshing native plugins compatible for Editor in 1.67 ms, found 3 plugins.
Preloading 0 native plugins for Editor in 0.00 ms.
Unloading 2 Unused Serialized files (Serialized files now loaded: 0)
Unloading 4355 unused Assets / (1.5 MB). Loaded Objects now: 4856.
Memory consumption went from 113.5 MB to 112.0 MB.
Total: 13.676400 ms (FindLiveObjects: 1.143800 ms CreateObjectMapping: 1.376000 ms MarkObjects: 8.744600 ms  DeleteObjects: 2.409400 ms)

Prepare: number of updated asset objects reloaded= 0
========================================================================
Received Prepare
Assembly reference Packages/com.unity.cinemachine/Editor/Samples/ExposeHDRPInternals/HDRP-Editor-ref.asmref has no target assembly definition
Assembly reference Packages/com.unity.cinemachine/Editor/Samples/ExposeHDRPInternals/HDRP-Editor-ref.asmref has no target assembly definition
Begin MonoManager ReloadAssembly
- Loaded All Assemblies, in  0.549 seconds
Assembly reference Packages/com.unity.cinemachine/Editor/Samples/ExposeHDRPInternals/HDRP-Editor-ref.asmref has no target assembly definition
'Packages/com.unity.cinemachine/Editor/Obsolete/CinemachineVirtualCameraBaseEditor.cs' contains partial class of Unity.Object, exactly 1 of the partial classes needs to be in a file with the same filename. This is to know the one that can be referenced from ie. GameObjects
'Packages/com.unity.cinemachine/Editor/Editors/CinemachineVirtualCameraBaseEditor.cs' contains partial class of Unity.Object, exactly 1 of the partial classes needs to be in a file with the same filename. This is to know the one that can be referenced from ie. GameObjects
Refreshing native plugins compatible for Editor in 0.92 ms, found 3 plugins.
Native extension for Android target not found
Native extension for UWP target not found
Native extension for WindowsStandalone target not found
Assembly reference Packages/com.unity.cinemachine/Editor/Samples/ExposeHDRPInternals/HDRP-Editor-ref.asmref has no target assembly definition
[Package Manager] Failed to launch server process. Reason: Unity was launched with the -noUpm command-line argument
[Package Manager] Unable to send message (not connected to server process).
[Package Manager] Cannot connect to Unity Package Manager local server
Mono: successfully reloaded assembly
- Finished resetting the current domain, in  0.598 seconds
Domain Reload Profiling: 1148ms
	BeginReloadAssembly (167ms)
		ExecutionOrderSort (0ms)
		DisableScriptedObjects (5ms)
		BackupInstance (0ms)
		ReleaseScriptingObjects (0ms)
		CreateAndSetChildDomain (45ms)
	RebuildCommonClasses (32ms)
	RebuildNativeTypeToScriptingClass (11ms)
	initialDomainReloadingComplete (24ms)
	LoadAllAssembliesAndSetupDomain (314ms)
		LoadAssemblies (263ms)
		RebuildTransferFunctionScriptingTraits (0ms)
		AnalyzeDomain (132ms)
			TypeCache.Refresh (5ms)
				TypeCache.ScanAssembly (0ms)
			BuildScriptInfoCaches (120ms)
			ResolveRequiredComponents (5ms)
	FinalizeReload (599ms)
		ReleaseScriptCaches (0ms)
		RebuildScriptCaches (0ms)
		SetupLoadedEditorAssemblies (462ms)
			LogAssemblyErrors (0ms)
			InitializePlatformSupportModulesInManaged (11ms)
			SetLoadedEditorAssemblies (3ms)
			BeforeProcessingInitializeOnLoad (84ms)
			ProcessInitializeOnLoadAttributes (329ms)
			ProcessInitializeOnLoadMethodAttributes (30ms)
			AfterProcessingInitializeOnLoad (6ms)
			EditorAssembliesLoaded (0ms)
		ExecutionOrderSort2 (0ms)
		AwakeInstancesAfterBackupRestoration (8ms)
Refreshing native plugins compatible for Editor in 2.18 ms, found 3 plugins.
Preloading 0 native plugins for Editor in 0.00 ms.
Unloading 2 Unused Serialized files (Serialized files now loaded: 0)
Unloading 4355 unused Assets / (1.8 MB). Loaded Objects now: 4856.
Memory consumption went from 113.5 MB to 111.7 MB.
Total: 14.202200 ms (FindLiveObjects: 1.035900 ms CreateObjectMapping: 1.190300 ms MarkObjects: 8.327500 ms  DeleteObjects: 3.647200 ms)

Prepare: number of updated asset objects reloaded= 0
========================================================================
Received Prepare
Assembly reference Packages/com.unity.cinemachine/Editor/Samples/ExposeHDRPInternals/HDRP-Editor-ref.asmref has no target assembly definition
Assembly reference Packages/com.unity.cinemachine/Editor/Samples/ExposeHDRPInternals/HDRP-Editor-ref.asmref has no target assembly definition
Begin MonoManager ReloadAssembly
- Loaded All Assemblies, in  0.690 seconds
Assembly reference Packages/com.unity.cinemachine/Editor/Samples/ExposeHDRPInternals/HDRP-Editor-ref.asmref has no target assembly definition
'Packages/com.unity.cinemachine/Editor/Obsolete/CinemachineVirtualCameraBaseEditor.cs' contains partial class of Unity.Object, exactly 1 of the partial classes needs to be in a file with the same filename. This is to know the one that can be referenced from ie. GameObjects
'Packages/com.unity.cinemachine/Editor/Editors/CinemachineVirtualCameraBaseEditor.cs' contains partial class of Unity.Object, exactly 1 of the partial classes needs to be in a file with the same filename. This is to know the one that can be referenced from ie. GameObjects
Refreshing native plugins compatible for Editor in 1.57 ms, found 3 plugins.
Native extension for Android target not found
Native extension for UWP target not found
Native extension for WindowsStandalone target not found
Assembly reference Packages/com.unity.cinemachine/Editor/Samples/ExposeHDRPInternals/HDRP-Editor-ref.asmref has no target assembly definition
[Package Manager] Failed to launch server process. Reason: Unity was launched with the -noUpm command-line argument
[Package Manager] Unable to send message (not connected to server process).
[Package Manager] Cannot connect to Unity Package Manager local server
Mono: successfully reloaded assembly
- Finished resetting the current domain, in  0.725 seconds
Domain Reload Profiling: 1415ms
	BeginReloadAssembly (205ms)
		ExecutionOrderSort (0ms)
		DisableScriptedObjects (6ms)
		BackupInstance (0ms)
		ReleaseScriptingObjects (0ms)
		CreateAndSetChildDomain (50ms)
	RebuildCommonClasses (34ms)
	RebuildNativeTypeToScriptingClass (15ms)
	initialDomainReloadingComplete (25ms)
	LoadAllAssembliesAndSetupDomain (411ms)
		LoadAssemblies (346ms)
		RebuildTransferFunctionScriptingTraits (0ms)
		AnalyzeDomain (175ms)
			TypeCache.Refresh (8ms)
				TypeCache.ScanAssembly (0ms)
			BuildScriptInfoCaches (158ms)
			ResolveRequiredComponents (5ms)
	FinalizeReload (726ms)
		ReleaseScriptCaches (0ms)
		RebuildScriptCaches (0ms)
		SetupLoadedEditorAssemblies (567ms)
			LogAssemblyErrors (0ms)
			InitializePlatformSupportModulesInManaged (16ms)
			SetLoadedEditorAssemblies (4ms)
			BeforeProcessingInitializeOnLoad (111ms)
			ProcessInitializeOnLoadAttributes (398ms)
			ProcessInitializeOnLoadMethodAttributes (31ms)
			AfterProcessingInitializeOnLoad (6ms)
			EditorAssembliesLoaded (0ms)
		ExecutionOrderSort2 (0ms)
		AwakeInstancesAfterBackupRestoration (7ms)
Refreshing native plugins compatible for Editor in 1.79 ms, found 3 plugins.
Preloading 0 native plugins for Editor in 0.00 ms.
Unloading 2 Unused Serialized files (Serialized files now loaded: 0)
Unloading 4355 unused Assets / (1.3 MB). Loaded Objects now: 4856.
Memory consumption went from 113.5 MB to 112.1 MB.
Total: 13.501800 ms (FindLiveObjects: 0.908800 ms CreateObjectMapping: 0.946000 ms MarkObjects: 9.429200 ms  DeleteObjects: 2.215400 ms)

Prepare: number of updated asset objects reloaded= 0
========================================================================
Received Prepare
Assembly reference Packages/com.unity.cinemachine/Editor/Samples/ExposeHDRPInternals/HDRP-Editor-ref.asmref has no target assembly definition
Assembly reference Packages/com.unity.cinemachine/Editor/Samples/ExposeHDRPInternals/HDRP-Editor-ref.asmref has no target assembly definition
Begin MonoManager ReloadAssembly
- Loaded All Assemblies, in  0.602 seconds
Assembly reference Packages/com.unity.cinemachine/Editor/Samples/ExposeHDRPInternals/HDRP-Editor-ref.asmref has no target assembly definition
'Packages/com.unity.cinemachine/Editor/Obsolete/CinemachineVirtualCameraBaseEditor.cs' contains partial class of Unity.Object, exactly 1 of the partial classes needs to be in a file with the same filename. This is to know the one that can be referenced from ie. GameObjects
'Packages/com.unity.cinemachine/Editor/Editors/CinemachineVirtualCameraBaseEditor.cs' contains partial class of Unity.Object, exactly 1 of the partial classes needs to be in a file with the same filename. This is to know the one that can be referenced from ie. GameObjects
Refreshing native plugins compatible for Editor in 1.22 ms, found 3 plugins.
Native extension for Android target not found
Native extension for UWP target not found
Native extension for WindowsStandalone target not found
Assembly reference Packages/com.unity.cinemachine/Editor/Samples/ExposeHDRPInternals/HDRP-Editor-ref.asmref has no target assembly definition
[Package Manager] Failed to launch server process. Reason: Unity was launched with the -noUpm command-line argument
[Package Manager] Unable to send message (not connected to server process).
[Package Manager] Cannot connect to Unity Package Manager local server
Mono: successfully reloaded assembly
- Finished resetting the current domain, in  0.669 seconds
Domain Reload Profiling: 1271ms
	BeginReloadAssembly (185ms)
		ExecutionOrderSort (0ms)
		DisableScriptedObjects (5ms)
		BackupInstance (0ms)
		ReleaseScriptingObjects (0ms)
		CreateAndSetChildDomain (50ms)
	RebuildCommonClasses (34ms)
	RebuildNativeTypeToScriptingClass (15ms)
	initialDomainReloadingComplete (30ms)
	LoadAllAssembliesAndSetupDomain (337ms)
		LoadAssemblies (284ms)
		RebuildTransferFunctionScriptingTraits (0ms)
		AnalyzeDomain (147ms)
			TypeCache.Refresh (7ms)
				TypeCache.ScanAssembly (0ms)
			BuildScriptInfoCaches (132ms)
			ResolveRequiredComponents (5ms)
	FinalizeReload (670ms)
		ReleaseScriptCaches (0ms)
		RebuildScriptCaches (0ms)
		SetupLoadedEditorAssemblies (511ms)
			LogAssemblyErrors (0ms)
			InitializePlatformSupportModulesInManaged (13ms)
			SetLoadedEditorAssemblies (3ms)
			BeforeProcessingInitializeOnLoad (99ms)
			ProcessInitializeOnLoadAttributes (361ms)
			ProcessInitializeOnLoadMethodAttributes (29ms)
			AfterProcessingInitializeOnLoad (7ms)
			EditorAssembliesLoaded (0ms)
		ExecutionOrderSort2 (0ms)
		AwakeInstancesAfterBackupRestoration (8ms)
Refreshing native plugins compatible for Editor in 1.72 ms, found 3 plugins.
Preloading 0 native plugins for Editor in 0.00 ms.
Unloading 2 Unused Serialized files (Serialized files now loaded: 0)
Unloading 4355 unused Assets / (1.4 MB). Loaded Objects now: 4856.
Memory consumption went from 113.5 MB to 112.0 MB.
Total: 13.761500 ms (FindLiveObjects: 0.870700 ms CreateObjectMapping: 1.217400 ms MarkObjects: 9.244100 ms  DeleteObjects: 2.426900 ms)

Prepare: number of updated asset objects reloaded= 0
========================================================================
Received Import Request.
  Time since last request: 1381.314361 seconds.
  path: Assets/InputSystem_Actions.inputactions
  artifactKey: Guid(289c1b55c9541489481df5cc06664110) Importer(2089858483,192608db42251d675da83286b1cce702)
Start importing Assets/InputSystem_Actions.inputactions using Guid(289c1b55c9541489481df5cc06664110) Importer(2089858483,192608db42251d675da83286b1cce702) (ScriptedImporter) -> (artifact id: '2c896826c8eecdb077447a40a9799106') in 0.3003444 seconds
Number of updated asset objects reloaded before import = 0Number of asset objects unloaded after import = 21

========================================================================
Received Import Request.
  Time since last request: 0.000024 seconds.
  path: Assets/8FastCars/Materials/Stranger_base.mat
  artifactKey: Guid(0300f846bd356f646939b5cc59dfb195) Importer(2089858483,192608db42251d675da83286b1cce702)
Start importing Assets/8FastCars/Materials/Stranger_base.mat using Guid(0300f846bd356f646939b5cc59dfb195) Importer(2089858483,192608db42251d675da83286b1cce702) (ScriptedImporter) -> (artifact id: '7b873509ad896d8e1e5d4982ac827fce') in 0.0403404 seconds
Number of updated asset objects reloaded before import = 0Number of asset objects unloaded after import = 1

========================================================================
Received Import Request.
  Time since last request: 0.000039 seconds.
  path: Assets/8FastCars/Materials/Stranger_glass.mat
  artifactKey: Guid(e60064e1bb9692942800a68f76ea62c7) Importer(2089858483,192608db42251d675da83286b1cce702)
Start importing Assets/8FastCars/Materials/Stranger_glass.mat using Guid(e60064e1bb9692942800a68f76ea62c7) Importer(2089858483,192608db42251d675da83286b1cce702) (ScriptedImporter) -> (artifact id: '132cfed4601e846d5c20c139bd02cc29') in 0.0175045 seconds
Number of updated asset objects reloaded before import = 0Number of asset objects unloaded after import = 1

========================================================================
Received Import Request.
  Time since last request: 0.000048 seconds.
  path: Assets/8FastCars/Materials/Megan_Chassis.mat
  artifactKey: Guid(30ac7d7d5c3347447a7f45d8d5eed575) Importer(2089858483,192608db42251d675da83286b1cce702)
Start importing Assets/8FastCars/Materials/Megan_Chassis.mat using Guid(30ac7d7d5c3347447a7f45d8d5eed575) Importer(2089858483,192608db42251d675da83286b1cce702) (ScriptedImporter) -> (artifact id: 'd84d17fbeb8a396fcd8bc2a620a2497f') in 0.0179844 seconds
Number of updated asset objects reloaded before import = 0Number of asset objects unloaded after import = 1

========================================================================
Received Import Request.
  Time since last request: 0.000080 seconds.
  path: Assets/8FastCars/Materials/Lagoon_interior.mat
  artifactKey: Guid(c511b82c0226b6d4fb8c5cb98943e93f) Importer(2089858483,192608db42251d675da83286b1cce702)
Start importing Assets/8FastCars/Materials/Lagoon_interior.mat using Guid(c511b82c0226b6d4fb8c5cb98943e93f) Importer(2089858483,192608db42251d675da83286b1cce702) (ScriptedImporter) -> (artifact id: '8231ec6a1bf4cdd60d8eb29f18ddb28e') in 0.0200702 seconds
Number of updated asset objects reloaded before import = 0Number of asset objects unloaded after import = 1

========================================================================
Received Import Request.
  Time since last request: 0.000064 seconds.
  path: Assets/8FastCars/Materials/Caravan_interior.mat
  artifactKey: Guid(3aac017442b5c764a9a38d880567b7af) Importer(2089858483,192608db42251d675da83286b1cce702)
Start importing Assets/8FastCars/Materials/Caravan_interior.mat using Guid(3aac017442b5c764a9a38d880567b7af) Importer(2089858483,192608db42251d675da83286b1cce702) (ScriptedImporter) -> (artifact id: '8240e70cb645c44fffa1ad7ad160b73b') in 0.0178855 seconds
Number of updated asset objects reloaded before import = 0Number of asset objects unloaded after import = 1

========================================================================
Received Import Request.
  Time since last request: 0.000028 seconds.
  path: Assets/8FastCars/Materials/Fury_Carpaint.mat
  artifactKey: Guid(5bec07ea7619a754faa851a28c63e9ca) Importer(2089858483,192608db42251d675da83286b1cce702)
Start importing Assets/8FastCars/Materials/Fury_Carpaint.mat using Guid(5bec07ea7619a754faa851a28c63e9ca) Importer(2089858483,192608db42251d675da83286b1cce702) (ScriptedImporter) -> (artifact id: '7ee5042d0ae8b9eb6f75c1222c34b93e') in 0.0182709 seconds
Number of updated asset objects reloaded before import = 0Number of asset objects unloaded after import = 2

========================================================================
Received Import Request.
  Time since last request: 0.000016 seconds.
  path: Assets/8FastCars/Materials/Lagoon_body.mat
  artifactKey: Guid(b7fa22cc8688d4042afbd0dda0d6442c) Importer(2089858483,192608db42251d675da83286b1cce702)
Start importing Assets/8FastCars/Materials/Lagoon_body.mat using Guid(b7fa22cc8688d4042afbd0dda0d6442c) Importer(2089858483,192608db42251d675da83286b1cce702) (ScriptedImporter) -> (artifact id: 'd8075e8639a19e998c717a6122869bef') in 0.024714 seconds
Number of updated asset objects reloaded before import = 0Number of asset objects unloaded after import = 2

========================================================================
Received Import Request.
  Time since last request: 0.000030 seconds.
  path: Assets/8FastCars/Materials/Fury_CarInterior.mat
  artifactKey: Guid(7199dd6e744f5cb43afa1d18e849d090) Importer(2089858483,192608db42251d675da83286b1cce702)
Start importing Assets/8FastCars/Materials/Fury_CarInterior.mat using Guid(7199dd6e744f5cb43afa1d18e849d090) Importer(2089858483,192608db42251d675da83286b1cce702) (ScriptedImporter) -> (artifact id: '06947819ba375da08fdb22c24215cb22') in 0.022162 seconds
Number of updated asset objects reloaded before import = 0Number of asset objects unloaded after import = 1

========================================================================
Received Import Request.
  Time since last request: 0.000040 seconds.
  path: Assets/8FastCars/Materials/Lagoon_lights_back.mat
  artifactKey: Guid(f9ff04821f555d54db51df8c4100f89a) Importer(2089858483,192608db42251d675da83286b1cce702)
Start importing Assets/8FastCars/Materials/Lagoon_lights_back.mat using Guid(f9ff04821f555d54db51df8c4100f89a) Importer(2089858483,192608db42251d675da83286b1cce702) (ScriptedImporter) -> (artifact id: '4e09704c713f41574d308be28e3c4e89') in 0.0193133 seconds
Number of updated asset objects reloaded before import = 0Number of asset objects unloaded after import = 1

========================================================================
Received Import Request.
  Time since last request: 0.000060 seconds.
  path: Assets/8FastCars/Materials/Zegato_wheel.mat
  artifactKey: Guid(9c54cb5b90e92394685efed7bab63b3d) Importer(2089858483,192608db42251d675da83286b1cce702)
Start importing Assets/8FastCars/Materials/Zegato_wheel.mat using Guid(9c54cb5b90e92394685efed7bab63b3d) Importer(2089858483,192608db42251d675da83286b1cce702) (ScriptedImporter) -> (artifact id: '8199a076faa9176d1253df185ceb706e') in 0.0204722 seconds
Number of updated asset objects reloaded before import = 0Number of asset objects unloaded after import = 2

========================================================================
Received Import Request.
  Time since last request: 0.000022 seconds.
  path: Assets/8FastCars/Materials/Fury_Mirrors.mat
  artifactKey: Guid(84a1cfbe5d7e80e4281417e880c3d383) Importer(2089858483,192608db42251d675da83286b1cce702)
Start importing Assets/8FastCars/Materials/Fury_Mirrors.mat using Guid(84a1cfbe5d7e80e4281417e880c3d383) Importer(2089858483,192608db42251d675da83286b1cce702) (ScriptedImporter) -> (artifact id: '9ce05a33e5ac8dd9a193542a4f26d4fb') in 0.0173825 seconds
Number of updated asset objects reloaded before import = 0Number of asset objects unloaded after import = 1

========================================================================
Received Import Request.
  Time since last request: 0.000039 seconds.
  path: Assets/8FastCars/Models/Megan.fbx
  artifactKey: Guid(5f658a09b0b2af544b7bc5a4d5448845) Importer(2089858483,192608db42251d675da83286b1cce702)
Start importing Assets/8FastCars/Models/Megan.fbx using Guid(5f658a09b0b2af544b7bc5a4d5448845) Importer(2089858483,192608db42251d675da83286b1cce702) (ScriptedImporter) -> (artifact id: '4118e10571769ceaa3c69fd9092a30c8') in 0.0701439 seconds
Number of updated asset objects reloaded before import = 0Number of asset objects unloaded after import = 59

========================================================================
Received Import Request.
  Time since last request: 0.000032 seconds.
  path: Assets/8FastCars/Prefabs/Diesel.prefab
  artifactKey: Guid(ff23708dd7f54e14a99ec3ad6bf8d348) Importer(2089858483,192608db42251d675da83286b1cce702)
Start importing Assets/8FastCars/Prefabs/Diesel.prefab using Guid(ff23708dd7f54e14a99ec3ad6bf8d348) Importer(2089858483,192608db42251d675da83286b1cce702) (ScriptedImporter) -> (artifact id: 'b6f2060f68d1bd6e42b9d56592312faa') in 0.0255262 seconds
Number of updated asset objects reloaded before import = 0Number of asset objects unloaded after import = 38

========================================================================
Received Import Request.
  Time since last request: 0.000029 seconds.
  path: Assets/8FastCars/Textures/Caravan_body.png
  artifactKey: Guid(4bb9a963de1bd74459c06e448bf884d7) Importer(2089858483,192608db42251d675da83286b1cce702)
Start importing Assets/8FastCars/Textures/Caravan_body.png using Guid(4bb9a963de1bd74459c06e448bf884d7) Importer(2089858483,192608db42251d675da83286b1cce702) (ScriptedImporter) -> (artifact id: '7b0565a8e7e38be38f44fa4dcc56a395') in 0.0501992 seconds
Number of updated asset objects reloaded before import = 0Number of asset objects unloaded after import = 1

========================================================================
Received Import Request.
  Time since last request: 0.000039 seconds.
  path: Assets/8FastCars/Models/Diesel.fbx
  artifactKey: Guid(1dd2253f935e8d34fb7a2547e5b82e3c) Importer(2089858483,192608db42251d675da83286b1cce702)
Start importing Assets/8FastCars/Models/Diesel.fbx using Guid(1dd2253f935e8d34fb7a2547e5b82e3c) Importer(2089858483,192608db42251d675da83286b1cce702) (ScriptedImporter) -> (artifact id: 'f0dca2c2f94f047c1367937e3f93f783') in 0.0285278 seconds
Number of updated asset objects reloaded before import = 0Number of asset objects unloaded after import = 39

========================================================================
Received Import Request.
  Time since last request: 0.000023 seconds.
  path: Assets/8FastCars/Materials/Caravan_base.mat
  artifactKey: Guid(e821f0f30c9fc8f459051743b56b399f) Importer(2089858483,192608db42251d675da83286b1cce702)
Start importing Assets/8FastCars/Materials/Caravan_base.mat using Guid(e821f0f30c9fc8f459051743b56b399f) Importer(2089858483,192608db42251d675da83286b1cce702) (ScriptedImporter) -> (artifact id: '14e0ccbb842ae94ff660e48353d7e7f0') in 0.0188911 seconds
Number of updated asset objects reloaded before import = 0Number of asset objects unloaded after import = 1

========================================================================
Received Import Request.
  Time since last request: 0.000091 seconds.
  path: Assets/8FastCars/Textures/Fury_wheel.png
  artifactKey: Guid(4c08de96486854b41ad27c067ec65de0) Importer(2089858483,192608db42251d675da83286b1cce702)
Start importing Assets/8FastCars/Textures/Fury_wheel.png using Guid(4c08de96486854b41ad27c067ec65de0) Importer(2089858483,192608db42251d675da83286b1cce702) (ScriptedImporter) -> (artifact id: '0185eee2fbe97a871ba11061b90f5300') in 0.0226783 seconds
Number of updated asset objects reloaded before import = 0Number of asset objects unloaded after import = 1

========================================================================
Received Import Request.
  Time since last request: 0.000050 seconds.
  path: Assets/8FastCars/Materials/Fury_Chassis.mat
  artifactKey: Guid(62ce7c249506eae4fbe1a38ad09a47bb) Importer(2089858483,192608db42251d675da83286b1cce702)
Start importing Assets/8FastCars/Materials/Fury_Chassis.mat using Guid(62ce7c249506eae4fbe1a38ad09a47bb) Importer(2089858483,192608db42251d675da83286b1cce702) (ScriptedImporter) -> (artifact id: 'fb52e6d3fd9eb0c585e1b13e1b0bec3a') in 0.0179607 seconds
Number of updated asset objects reloaded before import = 0Number of asset objects unloaded after import = 1

========================================================================
Received Import Request.
  Time since last request: 0.000093 seconds.
  path: Assets/8FastCars/Materials/Fury_WindowGlass.mat
  artifactKey: Guid(dda3926168206704eb840bf2890a940d) Importer(2089858483,192608db42251d675da83286b1cce702)
Start importing Assets/8FastCars/Materials/Fury_WindowGlass.mat using Guid(dda3926168206704eb840bf2890a940d) Importer(2089858483,192608db42251d675da83286b1cce702) (ScriptedImporter) -> (artifact id: '3b996c406c252a6b088400e3b3e1d0cb') in 0.0204808 seconds
Number of updated asset objects reloaded before import = 0Number of asset objects unloaded after import = 1

========================================================================
Received Import Request.
  Time since last request: 0.000052 seconds.
  path: Assets/8FastCars/Materials/Thunder_details.mat
  artifactKey: Guid(31e707c761503ac42afb85e99ceeef90) Importer(2089858483,192608db42251d675da83286b1cce702)
Start importing Assets/8FastCars/Materials/Thunder_details.mat using Guid(31e707c761503ac42afb85e99ceeef90) Importer(2089858483,192608db42251d675da83286b1cce702) (ScriptedImporter) -> (artifact id: 'ca80d9d240af0c2a7c5d58efd2fd7abc') in 0.0217677 seconds
Number of updated asset objects reloaded before import = 0Number of asset objects unloaded after import = 2

========================================================================
Received Import Request.
  Time since last request: 0.000022 seconds.
  path: Assets/8FastCars/Models/Fury.fbx
  artifactKey: Guid(2529b2b90e65f1f4bb4df4f4e4a2e8c2) Importer(2089858483,192608db42251d675da83286b1cce702)
Start importing Assets/8FastCars/Models/Fury.fbx using Guid(2529b2b90e65f1f4bb4df4f4e4a2e8c2) Importer(2089858483,192608db42251d675da83286b1cce702) (ScriptedImporter) -> (artifact id: '564b75189f97bf017a76bcfde52a35aa') in 0.0307592 seconds
Number of updated asset objects reloaded before import = 0Number of asset objects unloaded after import = 59

========================================================================
Received Import Request.
  Time since last request: 0.000021 seconds.
  path: Assets/8FastCars/Materials/Thunder_interior.mat
  artifactKey: Guid(08888d0fb04fcea4a9dba7836e98f129) Importer(2089858483,192608db42251d675da83286b1cce702)
Start importing Assets/8FastCars/Materials/Thunder_interior.mat using Guid(08888d0fb04fcea4a9dba7836e98f129) Importer(2089858483,192608db42251d675da83286b1cce702) (ScriptedImporter) -> (artifact id: '60abc3a7d8ff2c36b31cbb6c747b62e8') in 0.016874 seconds
Number of updated asset objects reloaded before import = 0Number of asset objects unloaded after import = 1

========================================================================
Received Import Request.
  Time since last request: 0.000049 seconds.
  path: Assets/8FastCars/Prefabs/Zegato.prefab
  artifactKey: Guid(d21eef6e296d6334f8cfed59adb69499) Importer(2089858483,192608db42251d675da83286b1cce702)
Start importing Assets/8FastCars/Prefabs/Zegato.prefab using Guid(d21eef6e296d6334f8cfed59adb69499) Importer(2089858483,192608db42251d675da83286b1cce702) (ScriptedImporter) -> (artifact id: '2a1e7555b45b0729306523b8385b8420') in 0.0243908 seconds
Number of updated asset objects reloaded before import = 0Number of asset objects unloaded after import = 38

========================================================================
Received Import Request.
  Time since last request: 0.000019 seconds.
  path: Assets/8FastCars/Textures/Thunder_wheel.png
  artifactKey: Guid(8b182a4f50002cb4ba630e098c7dd6fe) Importer(2089858483,192608db42251d675da83286b1cce702)
Start importing Assets/8FastCars/Textures/Thunder_wheel.png using Guid(8b182a4f50002cb4ba630e098c7dd6fe) Importer(2089858483,192608db42251d675da83286b1cce702) (ScriptedImporter) -> (artifact id: '559b5c87c3d8b03edc53864b6d9080e7') in 0.0244174 seconds
Number of updated asset objects reloaded before import = 0Number of asset objects unloaded after import = 1

========================================================================
Received Import Request.
  Time since last request: 0.000059 seconds.
  path: Assets/8FastCars/Materials/Fury_LightsBack.mat
  artifactKey: Guid(9e87e86963b1432459da34e067b1e8a8) Importer(2089858483,192608db42251d675da83286b1cce702)
Start importing Assets/8FastCars/Materials/Fury_LightsBack.mat using Guid(9e87e86963b1432459da34e067b1e8a8) Importer(2089858483,192608db42251d675da83286b1cce702) (ScriptedImporter) -> (artifact id: 'a60e2e323920fc37033d02a61182ca3f') in 0.0187012 seconds
Number of updated asset objects reloaded before import = 0Number of asset objects unloaded after import = 2

========================================================================
Received Import Request.
  Time since last request: 0.000025 seconds.
  path: Assets/Sprites/breaks.png
  artifactKey: Guid(03c1868a1a2adeb4ebf955948e095779) Importer(2089858483,192608db42251d675da83286b1cce702)
Start importing Assets/Sprites/breaks.png using Guid(03c1868a1a2adeb4ebf955948e095779) Importer(2089858483,192608db42251d675da83286b1cce702) (ScriptedImporter) -> (artifact id: '89ba1ee62d3baf29e5f831af5c2a49cd') in 0.0217432 seconds
Number of updated asset objects reloaded before import = 0Number of asset objects unloaded after import = 1

========================================================================
Received Import Request.
  Time since last request: 0.000070 seconds.
  path: Assets/8FastCars/Materials/Zegato_tyre.mat
  artifactKey: Guid(c9a5bb6b74a39fa46831ab8b809cda60) Importer(2089858483,192608db42251d675da83286b1cce702)
Start importing Assets/8FastCars/Materials/Zegato_tyre.mat using Guid(c9a5bb6b74a39fa46831ab8b809cda60) Importer(2089858483,192608db42251d675da83286b1cce702) (ScriptedImporter) -> (artifact id: 'b5429877054110bcd9b74aeadb85e614') in 0.0214373 seconds
Number of updated asset objects reloaded before import = 0Number of asset objects unloaded after import = 2

========================================================================
Received Import Request.
  Time since last request: 0.000018 seconds.
  path: Assets/8FastCars/Materials/Zegato_glass.mat
  artifactKey: Guid(c7b54d07d9a6c5240b605ec5ca58d431) Importer(2089858483,192608db42251d675da83286b1cce702)
Start importing Assets/8FastCars/Materials/Zegato_glass.mat using Guid(c7b54d07d9a6c5240b605ec5ca58d431) Importer(2089858483,192608db42251d675da83286b1cce702) (ScriptedImporter) -> (artifact id: 'f769f0e1d7a39e1bc4a1a5ca70c991f3') in 0.0147537 seconds
Number of updated asset objects reloaded before import = 0Number of asset objects unloaded after import = 1

========================================================================
Received Import Request.
  Time since last request: 0.000034 seconds.
  path: Assets/8FastCars/Materials/Caravan_glass.mat
  artifactKey: Guid(7bd2e196a9ecb5c4cb5f19284926ad95) Importer(2089858483,192608db42251d675da83286b1cce702)
Start importing Assets/8FastCars/Materials/Caravan_glass.mat using Guid(7bd2e196a9ecb5c4cb5f19284926ad95) Importer(2089858483,192608db42251d675da83286b1cce702) (ScriptedImporter) -> (artifact id: '2c9867e992b0b1faf8ffeaef36ddeec5') in 0.0172594 seconds
Number of updated asset objects reloaded before import = 0Number of asset objects unloaded after import = 1

========================================================================
Received Import Request.
  Time since last request: 0.000056 seconds.
  path: Assets/8FastCars/Materials/Caravan_wheel.mat
  artifactKey: Guid(4101b241a22635940ba4e8fd35b15d66) Importer(2089858483,192608db42251d675da83286b1cce702)
Start importing Assets/8FastCars/Materials/Caravan_wheel.mat using Guid(4101b241a22635940ba4e8fd35b15d66) Importer(2089858483,192608db42251d675da83286b1cce702) (ScriptedImporter) -> (artifact id: 'bd097a4b5c9e2667b3d69e50cf7fa7e6') in 0.0172235 seconds
Number of updated asset objects reloaded before import = 0Number of asset objects unloaded after import = 2

========================================================================
Received Import Request.
  Time since last request: 0.000025 seconds.
  path: Assets/Sprites/next.png
  artifactKey: Guid(347a8e088bb5be749b9044167e01c2b3) Importer(2089858483,192608db42251d675da83286b1cce702)
Start importing Assets/Sprites/next.png using Guid(347a8e088bb5be749b9044167e01c2b3) Importer(2089858483,192608db42251d675da83286b1cce702) (ScriptedImporter) -> (artifact id: 'df983062ff958c6ed1ddce885a65f413') in 0.0193016 seconds
Number of updated asset objects reloaded before import = 0Number of asset objects unloaded after import = 1

========================================================================
Received Import Request.
  Time since last request: 0.000074 seconds.
  path: Assets/Classical_city/Models/background Building.FBX
  artifactKey: Guid(71a6e6192c689ad438892b12b9a20697) Importer(2089858483,192608db42251d675da83286b1cce702)
Start importing Assets/Classical_city/Models/background Building.FBX using Guid(71a6e6192c689ad438892b12b9a20697) Importer(2089858483,192608db42251d675da83286b1cce702) (ScriptedImporter) -> (artifact id: '19b0b624a46f8109f37b23d3091ccd70') in 0.0359616 seconds
Number of updated asset objects reloaded before import = 0Number of asset objects unloaded after import = 82

========================================================================
Received Import Request.
  Time since last request: 0.000024 seconds.
  path: Assets/Classical_city/Models/probs_b.FBX
  artifactKey: Guid(29fd0deefc3cff347a4cfd91473b20ac) Importer(2089858483,192608db42251d675da83286b1cce702)
Start importing Assets/Classical_city/Models/probs_b.FBX using Guid(29fd0deefc3cff347a4cfd91473b20ac) Importer(2089858483,192608db42251d675da83286b1cce702) (ScriptedImporter) -> (artifact id: '6b04f8c21ef5caae686712876a23096b') in 0.0541716 seconds
Number of updated asset objects reloaded before import = 0Number of asset objects unloaded after import = 172

========================================================================
Received Import Request.
  Time since last request: 0.000037 seconds.
  path: Assets/Classical_city/Prefab/background_building_k.prefab
  artifactKey: Guid(062201b5fbcf4f94a9d68993f501395a) Importer(2089858483,192608db42251d675da83286b1cce702)
Start importing Assets/Classical_city/Prefab/background_building_k.prefab using Guid(062201b5fbcf4f94a9d68993f501395a) Importer(2089858483,192608db42251d675da83286b1cce702) (ScriptedImporter) -> (artifact id: '0d73f86ed09bd9ad9ad188caaa79be25') in 0.0178136 seconds
Number of updated asset objects reloaded before import = 0Number of asset objects unloaded after import = 10

========================================================================
Received Import Request.
  Time since last request: 0.000020 seconds.
  path: Assets/Classical_city/Materials/building_b_light.mat
  artifactKey: Guid(90dfad6e5b89243479657f5641b79d83) Importer(2089858483,192608db42251d675da83286b1cce702)
Start importing Assets/Classical_city/Materials/building_b_light.mat using Guid(90dfad6e5b89243479657f5641b79d83) Importer(2089858483,192608db42251d675da83286b1cce702) (ScriptedImporter) -> (artifact id: '393b95ed1ecb8f3ce06e94777a6089e1') in 0.0488835 seconds
Number of updated asset objects reloaded before import = 0Number of asset objects unloaded after import = 3

========================================================================
Received Import Request.
  Time since last request: 0.000028 seconds.
  path: Assets/Classical_city/Particles/Smoke.prefab
  artifactKey: Guid(00c9e21ebc769a141a90b46fb83a0ea6) Importer(2089858483,192608db42251d675da83286b1cce702)
Start importing Assets/Classical_city/Particles/Smoke.prefab using Guid(00c9e21ebc769a141a90b46fb83a0ea6) Importer(2089858483,192608db42251d675da83286b1cce702) (ScriptedImporter) -> (artifact id: '57cf1e350a872e3ffbbbd065423e2567') in 0.2728927 seconds
Number of updated asset objects reloaded before import = 0Number of asset objects unloaded after import = 6

========================================================================
Received Import Request.
  Time since last request: 0.000023 seconds.
  path: Assets/Classical_city/Materials/banner.mat
  artifactKey: Guid(7e4afafca697c984abfa59bb219df5b7) Importer(2089858483,192608db42251d675da83286b1cce702)
Start importing Assets/Classical_city/Materials/banner.mat using Guid(7e4afafca697c984abfa59bb219df5b7) Importer(2089858483,192608db42251d675da83286b1cce702) (ScriptedImporter) -> (artifact id: '4817e065b7859d9158888bd98cf8a9eb') in 0.1366445 seconds
Number of updated asset objects reloaded before import = 0Number of asset objects unloaded after import = 3

========================================================================
Received Import Request.
  Time since last request: 0.000042 seconds.
  path: Assets/Classical_city/Prefab/building_d.prefab
  artifactKey: Guid(71799790c659c30418b99e9074cd664c) Importer(2089858483,192608db42251d675da83286b1cce702)
Start importing Assets/Classical_city/Prefab/building_d.prefab using Guid(71799790c659c30418b99e9074cd664c) Importer(2089858483,192608db42251d675da83286b1cce702) (ScriptedImporter) -> (artifact id: '24bd760ec2ebb99fc9df713e78b0fcfa') in 0.0194952 seconds
Number of updated asset objects reloaded before import = 0Number of asset objects unloaded after import = 16

========================================================================
Received Import Request.
  Time since last request: 0.000026 seconds.
  path: Assets/Classical_city/Prefab/building_e.prefab
  artifactKey: Guid(a36cdda8a67c717489f59d9ae2b82cba) Importer(2089858483,192608db42251d675da83286b1cce702)
Start importing Assets/Classical_city/Prefab/building_e.prefab using Guid(a36cdda8a67c717489f59d9ae2b82cba) Importer(2089858483,192608db42251d675da83286b1cce702) (ScriptedImporter) -> (artifact id: '77a0a83d3fed8e3b804e4a30c9b62dd2') in 0.0203186 seconds
Number of updated asset objects reloaded before import = 0Number of asset objects unloaded after import = 16

========================================================================
Received Import Request.
  Time since last request: 0.000024 seconds.
  path: Assets/Classical_city/Prefab/building_f.prefab
  artifactKey: Guid(171dc4e7951cd1e4797853dac69994ca) Importer(2089858483,192608db42251d675da83286b1cce702)
Start importing Assets/Classical_city/Prefab/building_f.prefab using Guid(171dc4e7951cd1e4797853dac69994ca) Importer(2089858483,192608db42251d675da83286b1cce702) (ScriptedImporter) -> (artifact id: '8683cd5011e75db6d9d4001bd7311907') in 0.0215491 seconds
Number of updated asset objects reloaded before import = 0Number of asset objects unloaded after import = 10

========================================================================
Received Import Request.
  Time since last request: 0.000021 seconds.
  path: Assets/Classical_city/Models/main_building.FBX
  artifactKey: Guid(7e21c000eee7e4b4bb1f6a6f6b4c088d) Importer(2089858483,192608db42251d675da83286b1cce702)
Start importing Assets/Classical_city/Models/main_building.FBX using Guid(7e21c000eee7e4b4bb1f6a6f6b4c088d) Importer(2089858483,192608db42251d675da83286b1cce702) (ScriptedImporter) -> (artifact id: '0cd9702017c661bfa83826420730c11f') in 0.0641321 seconds
Number of updated asset objects reloaded before import = 0Number of asset objects unloaded after import = 244

========================================================================
Received Import Request.
  Time since last request: 0.000022 seconds.
  path: Assets/Classical_city/Materials/vegetation_b.mat
  artifactKey: Guid(9ab359ad235b8f142889f1cfd22b2698) Importer(2089858483,192608db42251d675da83286b1cce702)
Start importing Assets/Classical_city/Materials/vegetation_b.mat using Guid(9ab359ad235b8f142889f1cfd22b2698) Importer(2089858483,192608db42251d675da83286b1cce702) (ScriptedImporter) -> (artifact id: 'faf5622648a2ee7f3d5a6d7c581494ee') in 0.047326 seconds
Number of updated asset objects reloaded before import = 0Number of asset objects unloaded after import = 2

========================================================================
Received Import Request.
  Time since last request: 0.000028 seconds.
  path: Assets/8FastCars/Textures/Zegato_body.png
  artifactKey: Guid(b5005c0e6928bfd43a1ee1c224231298) Importer(2089858483,192608db42251d675da83286b1cce702)
Start importing Assets/8FastCars/Textures/Zegato_body.png using Guid(b5005c0e6928bfd43a1ee1c224231298) Importer(2089858483,192608db42251d675da83286b1cce702) (ScriptedImporter) -> (artifact id: 'd043d0ec45fcf9d418cd15679e1ee20f') in 0.0544046 seconds
Number of updated asset objects reloaded before import = 0Number of asset objects unloaded after import = 1

========================================================================
Received Import Request.
  Time since last request: 0.000026 seconds.
  path: Assets/Classical_city/Materials/Road.mat
  artifactKey: Guid(d8d626253548bd946a16228c6e5c0528) Importer(2089858483,192608db42251d675da83286b1cce702)
Start importing Assets/Classical_city/Materials/Road.mat using Guid(d8d626253548bd946a16228c6e5c0528) Importer(2089858483,192608db42251d675da83286b1cce702) (ScriptedImporter) -> (artifact id: 'ccea932d718c4e92452d1acb600a4c08') in 0.0229336 seconds
Number of updated asset objects reloaded before import = 0Number of asset objects unloaded after import = 2

========================================================================
Received Import Request.
  Time since last request: 0.000031 seconds.
  path: Assets/Classical_city/Prefab/background_building_l.prefab
  artifactKey: Guid(742f1689d372280478c9055fbc69332e) Importer(2089858483,192608db42251d675da83286b1cce702)
Start importing Assets/Classical_city/Prefab/background_building_l.prefab using Guid(742f1689d372280478c9055fbc69332e) Importer(2089858483,192608db42251d675da83286b1cce702) (ScriptedImporter) -> (artifact id: 'be5b88e0180aac5bca0d631b5ff4a59a') in 0.0154168 seconds
Number of updated asset objects reloaded before import = 0Number of asset objects unloaded after import = 10

========================================================================
Received Import Request.
  Time since last request: 0.000023 seconds.
  path: Assets/Classical_city/Prefab/background_building_f.prefab
  artifactKey: Guid(f3b94723afc1fb14dbe888c4546ec464) Importer(2089858483,192608db42251d675da83286b1cce702)
Start importing Assets/Classical_city/Prefab/background_building_f.prefab using Guid(f3b94723afc1fb14dbe888c4546ec464) Importer(2089858483,192608db42251d675da83286b1cce702) (ScriptedImporter) -> (artifact id: '1970036e85f832acaf23305a6731c19e') in 0.0183318 seconds
Number of updated asset objects reloaded before import = 0Number of asset objects unloaded after import = 10

========================================================================
Received Import Request.
  Time since last request: 0.000029 seconds.
  path: Assets/Classical_city/Prefab/background_building_a.prefab
  artifactKey: Guid(e08e5b365f57b044eabc1022c754e73a) Importer(2089858483,192608db42251d675da83286b1cce702)
Start importing Assets/Classical_city/Prefab/background_building_a.prefab using Guid(e08e5b365f57b044eabc1022c754e73a) Importer(2089858483,192608db42251d675da83286b1cce702) (ScriptedImporter) -> (artifact id: '48b5ee954c924a40e28ea3dcddb4b01b') in 0.0189602 seconds
Number of updated asset objects reloaded before import = 0Number of asset objects unloaded after import = 10

========================================================================
Received Import Request.
  Time since last request: 0.000019 seconds.
  path: Assets/Classical_city/Particles/Smoke_sky.prefab
  artifactKey: Guid(c061432840f09354ca35be6514784525) Importer(2089858483,192608db42251d675da83286b1cce702)
Start importing Assets/Classical_city/Particles/Smoke_sky.prefab using Guid(c061432840f09354ca35be6514784525) Importer(2089858483,192608db42251d675da83286b1cce702) (ScriptedImporter) -> (artifact id: '9ed9809560f22b2e9ed6dd19f4e89fa9') in 0.039425 seconds
Number of updated asset objects reloaded before import = 0Number of asset objects unloaded after import = 6

========================================================================
Received Import Request.
  Time since last request: 0.000024 seconds.
  path: Assets/Classical_city/Prefab/building_h.prefab
  artifactKey: Guid(ac51844cafdd06b44ae8652e23961d56) Importer(2089858483,192608db42251d675da83286b1cce702)
Start importing Assets/Classical_city/Prefab/building_h.prefab using Guid(ac51844cafdd06b44ae8652e23961d56) Importer(2089858483,192608db42251d675da83286b1cce702) (ScriptedImporter) -> (artifact id: '1ae7dd446e0a1599389d94b7bd3c55cf') in 0.019072 seconds
Number of updated asset objects reloaded before import = 0Number of asset objects unloaded after import = 16

========================================================================
Received Import Request.
  Time since last request: 0.000019 seconds.
  path: Assets/Classical_city/Prefab/barrier_black.prefab
  artifactKey: Guid(0ef19854180c82545b7780d54a064506) Importer(2089858483,192608db42251d675da83286b1cce702)
Start importing Assets/Classical_city/Prefab/barrier_black.prefab using Guid(0ef19854180c82545b7780d54a064506) Importer(2089858483,192608db42251d675da83286b1cce702) (ScriptedImporter) -> (artifact id: '5a7a938afd79958161a212f2f7bd25bd') in 0.019256 seconds
Number of updated asset objects reloaded before import = 0Number of asset objects unloaded after import = 10

========================================================================
Received Import Request.
  Time since last request: 0.000021 seconds.
  path: Assets/Classical_city/Models/tree_a.FBX
  artifactKey: Guid(09535b58beb28e64d9f264d728013694) Importer(2089858483,192608db42251d675da83286b1cce702)
Start importing Assets/Classical_city/Models/tree_a.FBX using Guid(09535b58beb28e64d9f264d728013694) Importer(2089858483,192608db42251d675da83286b1cce702) (ScriptedImporter) -> (artifact id: '1fe34122791684063fbb405dfb1b8b7c') in 0.0299675 seconds
Number of updated asset objects reloaded before import = 0Number of asset objects unloaded after import = 88

========================================================================
Received Import Request.
  Time since last request: 0.000022 seconds.
  path: Assets/Classical_city/Prefab/building_t.prefab
  artifactKey: Guid(9e008670520eea946a97d6fda6841884) Importer(2089858483,192608db42251d675da83286b1cce702)
Start importing Assets/Classical_city/Prefab/building_t.prefab using Guid(9e008670520eea946a97d6fda6841884) Importer(2089858483,192608db42251d675da83286b1cce702) (ScriptedImporter) -> (artifact id: 'dfdce2603aa895aa0f9715c8d8353c28') in 0.0174849 seconds
Number of updated asset objects reloaded before import = 0Number of asset objects unloaded after import = 10

========================================================================
Received Import Request.
  Time since last request: 0.000020 seconds.
  path: Assets/Classical_city/Prefab/building_m.prefab
  artifactKey: Guid(db33bd65b2e639841a06fef21022f918) Importer(2089858483,192608db42251d675da83286b1cce702)
Start importing Assets/Classical_city/Prefab/building_m.prefab using Guid(db33bd65b2e639841a06fef21022f918) Importer(2089858483,192608db42251d675da83286b1cce702) (ScriptedImporter) -> (artifact id: 'c2e87d23cb605fd2a3b1717cd55e55ad') in 0.0210289 seconds
Number of updated asset objects reloaded before import = 0Number of asset objects unloaded after import = 10

========================================================================
Received Import Request.
  Time since last request: 0.000022 seconds.
  path: Assets/Classical_city/Prefab/bush.prefab
  artifactKey: Guid(4e9e7260256567a4c8271e76b361d0a8) Importer(2089858483,192608db42251d675da83286b1cce702)
Start importing Assets/Classical_city/Prefab/bush.prefab using Guid(4e9e7260256567a4c8271e76b361d0a8) Importer(2089858483,192608db42251d675da83286b1cce702) (ScriptedImporter) -> (artifact id: 'd05b4ec78f78c289dec53204c3e1d34d') in 0.0201276 seconds
Number of updated asset objects reloaded before import = 0Number of asset objects unloaded after import = 10

========================================================================
Received Import Request.
  Time since last request: 0.000028 seconds.
  path: Assets/Classical_city/Prefab/building_o.prefab
  artifactKey: Guid(9d9cac57494a0514490550b7a5c1148e) Importer(2089858483,192608db42251d675da83286b1cce702)
Start importing Assets/Classical_city/Prefab/building_o.prefab using Guid(9d9cac57494a0514490550b7a5c1148e) Importer(2089858483,192608db42251d675da83286b1cce702) (ScriptedImporter) -> (artifact id: 'c99fbf05a6c44699dd58de670fb02b9e') in 0.01782 seconds
Number of updated asset objects reloaded before import = 0Number of asset objects unloaded after import = 16

========================================================================
Received Import Request.
  Time since last request: 0.000020 seconds.
  path: Assets/Classical_city/Prefab/bus_stand.prefab
  artifactKey: Guid(2f2629dd22d8be54ab7117ad45e5e929) Importer(2089858483,192608db42251d675da83286b1cce702)
Start importing Assets/Classical_city/Prefab/bus_stand.prefab using Guid(2f2629dd22d8be54ab7117ad45e5e929) Importer(2089858483,192608db42251d675da83286b1cce702) (ScriptedImporter) -> (artifact id: 'c0dbf5bcb30676326761636b5dafa3a3') in 0.0164083 seconds
Number of updated asset objects reloaded before import = 0Number of asset objects unloaded after import = 10

========================================================================
Received Import Request.
  Time since last request: 0.000029 seconds.
  path: Assets/Classical_city/Prefab/building_s.prefab
  artifactKey: Guid(cf5987045688f034c90c9c7b467095f4) Importer(2089858483,192608db42251d675da83286b1cce702)
Start importing Assets/Classical_city/Prefab/building_s.prefab using Guid(cf5987045688f034c90c9c7b467095f4) Importer(2089858483,192608db42251d675da83286b1cce702) (ScriptedImporter) -> (artifact id: '6a0e9bd257eedf49133cf5cff2b154cf') in 0.0210148 seconds
Number of updated asset objects reloaded before import = 0Number of asset objects unloaded after import = 16

========================================================================
Received Import Request.
  Time since last request: 0.000029 seconds.
  path: Assets/Classical_city/scene_overcast.unity
  artifactKey: Guid(1931b198a35fec645bad370496cc546d) Importer(2089858483,192608db42251d675da83286b1cce702)
Start importing Assets/Classical_city/scene_overcast.unity using Guid(1931b198a35fec645bad370496cc546d) Importer(2089858483,192608db42251d675da83286b1cce702) (ScriptedImporter) -> (artifact id: '636da1fad37198eb84b81447ff4c469f') in 0.0206415 seconds
Number of updated asset objects reloaded before import = 0Number of asset objects unloaded after import = 1

========================================================================
Received Import Request.
  Time since last request: 0.000078 seconds.
  path: Assets/8FastCars/Materials/Caravan_details.mat
  artifactKey: Guid(49aacf3c66a94cf4c94b579451675db7) Importer(2089858483,192608db42251d675da83286b1cce702)
Start importing Assets/8FastCars/Materials/Caravan_details.mat using Guid(49aacf3c66a94cf4c94b579451675db7) Importer(2089858483,192608db42251d675da83286b1cce702) (ScriptedImporter) -> (artifact id: 'f31864c02f8fb17b51b20b16cc869415') in 0.0195133 seconds
Number of updated asset objects reloaded before import = 0Number of asset objects unloaded after import = 2

========================================================================
Received Import Request.
  Time since last request: 0.000025 seconds.
  path: Assets/8FastCars/Materials/Megan_WindowGlassBack.mat
  artifactKey: Guid(b08d7e63d23ed7642bc849b4d8bf6bcd) Importer(2089858483,192608db42251d675da83286b1cce702)
Start importing Assets/8FastCars/Materials/Megan_WindowGlassBack.mat using Guid(b08d7e63d23ed7642bc849b4d8bf6bcd) Importer(2089858483,192608db42251d675da83286b1cce702) (ScriptedImporter) -> (artifact id: '782d8f183a7657b519854f3920c43544') in 0.0214817 seconds
Number of updated asset objects reloaded before import = 0Number of asset objects unloaded after import = 1

========================================================================
Received Import Request.
  Time since last request: 0.000051 seconds.
  path: Assets/8FastCars/Materials/Stranger_wheel.mat
  artifactKey: Guid(d7fd7a9c95151204d83eeb99853ae613) Importer(2089858483,192608db42251d675da83286b1cce702)
Start importing Assets/8FastCars/Materials/Stranger_wheel.mat using Guid(d7fd7a9c95151204d83eeb99853ae613) Importer(2089858483,192608db42251d675da83286b1cce702) (ScriptedImporter) -> (artifact id: 'e6d1d617733afb804763329f9b0ec960') in 0.0190277 seconds
Number of updated asset objects reloaded before import = 0Number of asset objects unloaded after import = 2

========================================================================
Received Import Request.
  Time since last request: 0.000022 seconds.
  path: Assets/Classical_city/Prefab/background_building_c.prefab
  artifactKey: Guid(bf3057b10f4e1a745bf23d3d8be4a01b) Importer(2089858483,192608db42251d675da83286b1cce702)
Start importing Assets/Classical_city/Prefab/background_building_c.prefab using Guid(bf3057b10f4e1a745bf23d3d8be4a01b) Importer(2089858483,192608db42251d675da83286b1cce702) (ScriptedImporter) -> (artifact id: 'a6a23d8a33f3b6b0317348a4dabeb2f6') in 0.0208235 seconds
Number of updated asset objects reloaded before import = 0Number of asset objects unloaded after import = 10

========================================================================
Received Import Request.
  Time since last request: 0.000020 seconds.
  path: Assets/8FastCars/Textures/Caravan_wheel.png
  artifactKey: Guid(320f390377fffc746b10a70f65be5342) Importer(2089858483,192608db42251d675da83286b1cce702)
Start importing Assets/8FastCars/Textures/Caravan_wheel.png using Guid(320f390377fffc746b10a70f65be5342) Importer(2089858483,192608db42251d675da83286b1cce702) (ScriptedImporter) -> (artifact id: 'e17d8c87e27157a59b499d20e5b8a7f3') in 0.0282871 seconds
Number of updated asset objects reloaded before import = 0Number of asset objects unloaded after import = 1

========================================================================
Received Import Request.
  Time since last request: 0.000052 seconds.
  path: Assets/Classical_city/Materials/props_b.mat
  artifactKey: Guid(1d9b155eac94dd742a5debbcc9bf0c78) Importer(2089858483,192608db42251d675da83286b1cce702)
Start importing Assets/Classical_city/Materials/props_b.mat using Guid(1d9b155eac94dd742a5debbcc9bf0c78) Importer(2089858483,192608db42251d675da83286b1cce702) (ScriptedImporter) -> (artifact id: 'e43e9eda4dc179f01b297b4bd72c68ac') in 0.0309005 seconds
Number of updated asset objects reloaded before import = 0Number of asset objects unloaded after import = 2

========================================================================
Received Import Request.
  Time since last request: 0.000028 seconds.
  path: Assets/Sprites/MenuUIImage.jpg
  artifactKey: Guid(c2fc904b730c5b2439f077fff2998a0e) Importer(2089858483,192608db42251d675da83286b1cce702)
Start importing Assets/Sprites/MenuUIImage.jpg using Guid(c2fc904b730c5b2439f077fff2998a0e) Importer(2089858483,192608db42251d675da83286b1cce702) (ScriptedImporter) -> (artifact id: '945e0cac9e4a754ecda8120d2a6cb6dc') in 0.0254201 seconds
Number of updated asset objects reloaded before import = 0Number of asset objects unloaded after import = 1

========================================================================
Received Import Request.
  Time since last request: 0.000055 seconds.
  path: Assets/8FastCars/Materials/Lagoon_detail.mat
  artifactKey: Guid(a5b6a502765f36143ba0f24f923dabe1) Importer(2089858483,192608db42251d675da83286b1cce702)
Start importing Assets/8FastCars/Materials/Lagoon_detail.mat using Guid(a5b6a502765f36143ba0f24f923dabe1) Importer(2089858483,192608db42251d675da83286b1cce702) (ScriptedImporter) -> (artifact id: 'b87490a256e7f29c2f48c3dbe8a86da8') in 0.0223341 seconds
Number of updated asset objects reloaded before import = 0Number of asset objects unloaded after import = 2

========================================================================
Received Import Request.
  Time since last request: 0.000020 seconds.
  path: Assets/8FastCars/Textures/Megan_body.png
  artifactKey: Guid(6a69618aeaeaad64798e5f23e3ee2c30) Importer(2089858483,192608db42251d675da83286b1cce702)
Start importing Assets/8FastCars/Textures/Megan_body.png using Guid(6a69618aeaeaad64798e5f23e3ee2c30) Importer(2089858483,192608db42251d675da83286b1cce702) (ScriptedImporter) -> (artifact id: 'e7575da8762819f605d5f7a3e19215c0') in 0.0338137 seconds
Number of updated asset objects reloaded before import = 0Number of asset objects unloaded after import = 1

========================================================================
Received Import Request.
  Time since last request: 0.000267 seconds.
  path: Assets/Classical_city/Prefab/cone.prefab
  artifactKey: Guid(22b5bd41137e5334daa5a9645f8296a5) Importer(2089858483,192608db42251d675da83286b1cce702)
Start importing Assets/Classical_city/Prefab/cone.prefab using Guid(22b5bd41137e5334daa5a9645f8296a5) Importer(2089858483,192608db42251d675da83286b1cce702) (ScriptedImporter) -> (artifact id: 'a68bea409cde906bd80e0c155694015b') in 0.0234354 seconds
Number of updated asset objects reloaded before import = 0Number of asset objects unloaded after import = 10

========================================================================
Received Import Request.
  Time since last request: 0.000024 seconds.
  path: Assets/8FastCars/Textures/Zegato_wheel.png
  artifactKey: Guid(69a4efbed93db534498df24a9196a5c2) Importer(2089858483,192608db42251d675da83286b1cce702)
Start importing Assets/8FastCars/Textures/Zegato_wheel.png using Guid(69a4efbed93db534498df24a9196a5c2) Importer(2089858483,192608db42251d675da83286b1cce702) (ScriptedImporter) -> (artifact id: '19e17ad43e2d83f8b772ba605a0015d9') in 0.0306324 seconds
Number of updated asset objects reloaded before import = 0Number of asset objects unloaded after import = 1

========================================================================
Received Import Request.
  Time since last request: 0.000073 seconds.
  path: Assets/8FastCars/Materials/Stranger_plastic.mat
  artifactKey: Guid(480bb5e08a29291478beaf746c7c233e) Importer(2089858483,192608db42251d675da83286b1cce702)
Start importing Assets/8FastCars/Materials/Stranger_plastic.mat using Guid(480bb5e08a29291478beaf746c7c233e) Importer(2089858483,192608db42251d675da83286b1cce702) (ScriptedImporter) -> (artifact id: '153c5a85db771ad88df5c2d0c9847d68') in 0.025373 seconds
Number of updated asset objects reloaded before import = 0Number of asset objects unloaded after import = 1

========================================================================
Received Import Request.
  Time since last request: 0.000042 seconds.
  path: Assets/8FastCars/Models/Lagoon.fbx
  artifactKey: Guid(0597c5d1936a6d941a5cef89aa22fc0c) Importer(2089858483,192608db42251d675da83286b1cce702)
Start importing Assets/8FastCars/Models/Lagoon.fbx using Guid(0597c5d1936a6d941a5cef89aa22fc0c) Importer(2089858483,192608db42251d675da83286b1cce702) (ScriptedImporter) -> (artifact id: '32b154ceca510bf184adf58c78cafbde') in 0.0413655 seconds
Number of updated asset objects reloaded before import = 0Number of asset objects unloaded after import = 59

========================================================================
Received Import Request.
  Time since last request: 0.000020 seconds.
  path: Assets/8FastCars/Materials/Diesel_lights.mat
  artifactKey: Guid(247c6be7dd0e9b846997527f9747aafb) Importer(2089858483,192608db42251d675da83286b1cce702)
Start importing Assets/8FastCars/Materials/Diesel_lights.mat using Guid(247c6be7dd0e9b846997527f9747aafb) Importer(2089858483,192608db42251d675da83286b1cce702) (ScriptedImporter) -> (artifact id: '9840cf5f0d3ba99fe686792060f31814') in 0.0222266 seconds
Number of updated asset objects reloaded before import = 0Number of asset objects unloaded after import = 2

========================================================================
Received Import Request.
  Time since last request: 0.000024 seconds.
  path: Assets/Classical_city/Prefab/drain_pipe.prefab
  artifactKey: Guid(6cc3153c29288b64c8eb8bfd9ed11f70) Importer(2089858483,192608db42251d675da83286b1cce702)
Start importing Assets/Classical_city/Prefab/drain_pipe.prefab using Guid(6cc3153c29288b64c8eb8bfd9ed11f70) Importer(2089858483,192608db42251d675da83286b1cce702) (ScriptedImporter) -> (artifact id: 'ba0dba224a659abc5b2e0d8bdaecf5ff') in 0.0217493 seconds
Number of updated asset objects reloaded before import = 0Number of asset objects unloaded after import = 10

========================================================================
Received Import Request.
  Time since last request: 0.000033 seconds.
  path: Assets/Classical_city/Prefab/plane_tree_d.prefab
  artifactKey: Guid(e6cccf24381bbaf42b06cb253d1ffeaa) Importer(2089858483,192608db42251d675da83286b1cce702)
Start importing Assets/Classical_city/Prefab/plane_tree_d.prefab using Guid(e6cccf24381bbaf42b06cb253d1ffeaa) Importer(2089858483,192608db42251d675da83286b1cce702) (ScriptedImporter) -> (artifact id: 'f309a6aa9305e4128eb1608618405ac8') in 0.0648493 seconds
Number of updated asset objects reloaded before import = 0Number of asset objects unloaded after import = 9

========================================================================
Received Import Request.
  Time since last request: 0.000021 seconds.
  path: Assets/Classical_city/Prefab/news_box_b.prefab
  artifactKey: Guid(716353dd327a98941b16a6025c3b1038) Importer(2089858483,192608db42251d675da83286b1cce702)
Start importing Assets/Classical_city/Prefab/news_box_b.prefab using Guid(716353dd327a98941b16a6025c3b1038) Importer(2089858483,192608db42251d675da83286b1cce702) (ScriptedImporter) -> (artifact id: '4b0caac61ff2481029925c60bf0af78c') in 0.0427619 seconds
Number of updated asset objects reloaded before import = 0Number of asset objects unloaded after import = 10

========================================================================
Received Import Request.
  Time since last request: 0.000019 seconds.
  path: Assets/Classical_city/Prefab/paper_box.prefab
  artifactKey: Guid(9672d3c7e27f8ab48ac64f754c568ca5) Importer(2089858483,192608db42251d675da83286b1cce702)
Start importing Assets/Classical_city/Prefab/paper_box.prefab using Guid(9672d3c7e27f8ab48ac64f754c568ca5) Importer(2089858483,192608db42251d675da83286b1cce702) (ScriptedImporter) -> (artifact id: '55e34903a8e440a396df54338da9da1d') in 0.0431977 seconds
Number of updated asset objects reloaded before import = 0Number of asset objects unloaded after import = 10

========================================================================
Received Import Request.
  Time since last request: 0.000020 seconds.
  path: Assets/Classical_city/Prefab/mailbox.prefab
  artifactKey: Guid(3badca6810f7b184cb9ad01ba8260a5a) Importer(2089858483,192608db42251d675da83286b1cce702)
Start importing Assets/Classical_city/Prefab/mailbox.prefab using Guid(3badca6810f7b184cb9ad01ba8260a5a) Importer(2089858483,192608db42251d675da83286b1cce702) (ScriptedImporter) -> (artifact id: '5c13ec33ce2aa5fddd5a60edc0eb7a25') in 0.0816226 seconds
Number of updated asset objects reloaded before import = 0Number of asset objects unloaded after import = 10

========================================================================
Received Import Request.
  Time since last request: 0.000025 seconds.
  path: Assets/Classical_city/Prefab/hedge.prefab
  artifactKey: Guid(cc7a57d723234264ab03f34a0cbc3fe2) Importer(2089858483,192608db42251d675da83286b1cce702)
Start importing Assets/Classical_city/Prefab/hedge.prefab using Guid(cc7a57d723234264ab03f34a0cbc3fe2) Importer(2089858483,192608db42251d675da83286b1cce702) (ScriptedImporter) -> (artifact id: '78454cedc233b4a258e580ca57fa8e0f') in 0.0887831 seconds
Number of updated asset objects reloaded before import = 0Number of asset objects unloaded after import = 10

========================================================================
Received Import Request.
  Time since last request: 0.000032 seconds.
  path: Assets/Classical_city/Prefab/building_b.prefab
  artifactKey: Guid(205f940136944f14d891fadcf4981ba3) Importer(2089858483,192608db42251d675da83286b1cce702)
Start importing Assets/Classical_city/Prefab/building_b.prefab using Guid(205f940136944f14d891fadcf4981ba3) Importer(2089858483,192608db42251d675da83286b1cce702) (ScriptedImporter) -> (artifact id: '8330ae8a1d9abf8a105d0347c88b12a9') in 0.0585128 seconds
Number of updated asset objects reloaded before import = 0Number of asset objects unloaded after import = 16

========================================================================
Received Import Request.
  Time since last request: 0.000028 seconds.
  path: Assets/Classical_city/Prefab/dumpstar.prefab
  artifactKey: Guid(b2e505b0483b43e4980b8ee0b1882a86) Importer(2089858483,192608db42251d675da83286b1cce702)
Start importing Assets/Classical_city/Prefab/dumpstar.prefab using Guid(b2e505b0483b43e4980b8ee0b1882a86) Importer(2089858483,192608db42251d675da83286b1cce702) (ScriptedImporter) -> (artifact id: '1e8d2a9e1811503cb80f7659961c5e2e') in 0.0431548 seconds
Number of updated asset objects reloaded before import = 0Number of asset objects unloaded after import = 10

========================================================================
Received Import Request.
  Time since last request: 0.000022 seconds.
  path: Assets/8FastCars/Materials/Lagoon_glass.mat
  artifactKey: Guid(b2fcc9a6fd05d66489cbc45e03141f61) Importer(2089858483,192608db42251d675da83286b1cce702)
Start importing Assets/8FastCars/Materials/Lagoon_glass.mat using Guid(b2fcc9a6fd05d66489cbc45e03141f61) Importer(2089858483,192608db42251d675da83286b1cce702) (ScriptedImporter) -> (artifact id: '58d10e8c04dc0783fc7928b90bdf0329') in 0.02097 seconds
Number of updated asset objects reloaded before import = 0Number of asset objects unloaded after import = 1

========================================================================
Received Import Request.
  Time since last request: 0.000073 seconds.
  path: Assets/8FastCars/Materials/Lagoon_tyre.mat
  artifactKey: Guid(4c3c8e5339d780b429639432c786ede1) Importer(2089858483,192608db42251d675da83286b1cce702)
Start importing Assets/8FastCars/Materials/Lagoon_tyre.mat using Guid(4c3c8e5339d780b429639432c786ede1) Importer(2089858483,192608db42251d675da83286b1cce702) (ScriptedImporter) -> (artifact id: 'a9006db6e929dd3f5081b58f60bc8f75') in 0.018778 seconds
Number of updated asset objects reloaded before import = 0Number of asset objects unloaded after import = 2

========================================================================
Received Import Request.
  Time since last request: 0.000019 seconds.
  path: Assets/Classical_city/Prefab/bench_b.prefab
  artifactKey: Guid(11a6d5e44153d954fba7cb1a253b870b) Importer(2089858483,192608db42251d675da83286b1cce702)
Start importing Assets/Classical_city/Prefab/bench_b.prefab using Guid(11a6d5e44153d954fba7cb1a253b870b) Importer(2089858483,192608db42251d675da83286b1cce702) (ScriptedImporter) -> (artifact id: '5f0ad41eea59658c08c4e477e54f9b9b') in 0.0541073 seconds
Number of updated asset objects reloaded before import = 0Number of asset objects unloaded after import = 10

========================================================================
Received Import Request.
  Time since last request: 0.000022 seconds.
  path: Assets/Classical_city/Prefab/road-pole_b.prefab
  artifactKey: Guid(54ad12c4ecf9cea49a42a87710251e5e) Importer(2089858483,192608db42251d675da83286b1cce702)
Start importing Assets/Classical_city/Prefab/road-pole_b.prefab using Guid(54ad12c4ecf9cea49a42a87710251e5e) Importer(2089858483,192608db42251d675da83286b1cce702) (ScriptedImporter) -> (artifact id: 'b38099598595d157e1ee17ce9af20df9') in 0.0921899 seconds
Number of updated asset objects reloaded before import = 0Number of asset objects unloaded after import = 10

========================================================================
Received Import Request.
  Time since last request: 0.000022 seconds.
  path: Assets/Classical_city/Prefab/road_block_b.prefab
  artifactKey: Guid(40a5f6c1dc058854cac795f54b95d684) Importer(2089858483,192608db42251d675da83286b1cce702)
Start importing Assets/Classical_city/Prefab/road_block_b.prefab using Guid(40a5f6c1dc058854cac795f54b95d684) Importer(2089858483,192608db42251d675da83286b1cce702) (ScriptedImporter) -> (artifact id: 'd73eba275bad19d1adcb8a8878143a52') in 0.0165407 seconds
Number of updated asset objects reloaded before import = 0Number of asset objects unloaded after import = 10

========================================================================
Received Import Request.
  Time since last request: 0.000035 seconds.
  path: Assets/Classical_city/Prefab/statue.prefab
  artifactKey: Guid(15cda70c323cfcb4eb70223c7a89b49d) Importer(2089858483,192608db42251d675da83286b1cce702)
Start importing Assets/Classical_city/Prefab/statue.prefab using Guid(15cda70c323cfcb4eb70223c7a89b49d) Importer(2089858483,192608db42251d675da83286b1cce702) (ScriptedImporter) -> (artifact id: 'd10e4efe026594cac9faaa22af365342') in 0.0185096 seconds
Number of updated asset objects reloaded before import = 0Number of asset objects unloaded after import = 10

========================================================================
Received Import Request.
  Time since last request: 0.000028 seconds.
  path: Assets/Classical_city/Prefab/road_barrier_black.prefab
  artifactKey: Guid(56735fe9efc809e41a332f988ffe1da6) Importer(2089858483,192608db42251d675da83286b1cce702)
Start importing Assets/Classical_city/Prefab/road_barrier_black.prefab using Guid(56735fe9efc809e41a332f988ffe1da6) Importer(2089858483,192608db42251d675da83286b1cce702) (ScriptedImporter) -> (artifact id: '026f459a63b7b91f5bd9026cba06b437') in 0.019701 seconds
Number of updated asset objects reloaded before import = 0Number of asset objects unloaded after import = 10

========================================================================
Received Import Request.
  Time since last request: 0.000020 seconds.
  path: Assets/Classical_city/Prefab/street_lamp.prefab
  artifactKey: Guid(b4ceffbb1ec879242902d5d671a8eddc) Importer(2089858483,192608db42251d675da83286b1cce702)
Start importing Assets/Classical_city/Prefab/street_lamp.prefab using Guid(b4ceffbb1ec879242902d5d671a8eddc) Importer(2089858483,192608db42251d675da83286b1cce702) (ScriptedImporter) -> (artifact id: '1fcfe8183af9b16696f8e178599b4f51') in 0.0177658 seconds
Number of updated asset objects reloaded before import = 0Number of asset objects unloaded after import = 10

========================================================================
Received Import Request.
  Time since last request: 0.000026 seconds.
  path: Assets/Classical_city/Prefab/road_block_a.prefab
  artifactKey: Guid(cd5421aab8fe547459572e61e08784b3) Importer(2089858483,192608db42251d675da83286b1cce702)
Start importing Assets/Classical_city/Prefab/road_block_a.prefab using Guid(cd5421aab8fe547459572e61e08784b3) Importer(2089858483,192608db42251d675da83286b1cce702) (ScriptedImporter) -> (artifact id: '038bdd54b97afd73a56ca5a9058f9ff4') in 0.0188435 seconds
Number of updated asset objects reloaded before import = 0Number of asset objects unloaded after import = 10

========================================================================
Received Import Request.
  Time since last request: 0.000023 seconds.
  path: Assets/Classical_city/Prefab/road_barrier_blue.prefab
  artifactKey: Guid(0f5eb30eae845ca47a0c7ba48707ce05) Importer(2089858483,192608db42251d675da83286b1cce702)
Start importing Assets/Classical_city/Prefab/road_barrier_blue.prefab using Guid(0f5eb30eae845ca47a0c7ba48707ce05) Importer(2089858483,192608db42251d675da83286b1cce702) (ScriptedImporter) -> (artifact id: '9fd4583f2a34eae4936460fcf18800df') in 0.0202849 seconds
Number of updated asset objects reloaded before import = 0Number of asset objects unloaded after import = 10

========================================================================
Received Import Request.
  Time since last request: 0.000020 seconds.
  path: Assets/Classical_city/Prefab/building_j.prefab
  artifactKey: Guid(0d5e743f6c64dd349aa8205b98990a9a) Importer(2089858483,192608db42251d675da83286b1cce702)
Start importing Assets/Classical_city/Prefab/building_j.prefab using Guid(0d5e743f6c64dd349aa8205b98990a9a) Importer(2089858483,192608db42251d675da83286b1cce702) (ScriptedImporter) -> (artifact id: '86cd22d0fe3aa1cdac40caf640dce1ee') in 0.0181271 seconds
Number of updated asset objects reloaded before import = 0Number of asset objects unloaded after import = 16

========================================================================
Received Import Request.
  Time since last request: 0.000024 seconds.
  path: Assets/8FastCars/Materials/Megan_Plastic.mat
  artifactKey: Guid(682426b7f6cd082499d70fae8d3f603c) Importer(2089858483,192608db42251d675da83286b1cce702)
Start importing Assets/8FastCars/Materials/Megan_Plastic.mat using Guid(682426b7f6cd082499d70fae8d3f603c) Importer(2089858483,192608db42251d675da83286b1cce702) (ScriptedImporter) -> (artifact id: '7d6ada79da71da2a5fd61279b7d203e8') in 0.019982 seconds
Number of updated asset objects reloaded before import = 0Number of asset objects unloaded after import = 2

========================================================================
Received Import Request.
  Time since last request: 0.000024 seconds.
  path: Assets/Classical_city/scene_nightSettings.lighting
  artifactKey: Guid(2a7d9542e5d5b444cb342c255bfb2a29) Importer(2089858483,192608db42251d675da83286b1cce702)
Start importing Assets/Classical_city/scene_nightSettings.lighting using Guid(2a7d9542e5d5b444cb342c255bfb2a29) Importer(2089858483,192608db42251d675da83286b1cce702) (ScriptedImporter) -> (artifact id: 'c77f485d243cf156b8f77b5dde0af573') in 0.0280131 seconds
Number of updated asset objects reloaded before import = 0Number of asset objects unloaded after import = 1

========================================================================
Received Import Request.
  Time since last request: 0.000067 seconds.
  path: Assets/8FastCars/Models/Caravan.fbx
  artifactKey: Guid(f933e44bc1799bb4eacd40aac82e73d1) Importer(2089858483,192608db42251d675da83286b1cce702)
Start importing Assets/8FastCars/Models/Caravan.fbx using Guid(f933e44bc1799bb4eacd40aac82e73d1) Importer(2089858483,192608db42251d675da83286b1cce702) (ScriptedImporter) -> (artifact id: '189be0b93a1ef007ae6291a9d6cfed7a') in 0.0318163 seconds
Number of updated asset objects reloaded before import = 0Number of asset objects unloaded after import = 59

========================================================================
Received Import Request.
  Time since last request: 0.000025 seconds.
  path: Assets/8FastCars/Materials/Stranger_detail.mat
  artifactKey: Guid(2ea45f5a53e999640ab2ba0bcd3b790b) Importer(2089858483,192608db42251d675da83286b1cce702)
Start importing Assets/8FastCars/Materials/Stranger_detail.mat using Guid(2ea45f5a53e999640ab2ba0bcd3b790b) Importer(2089858483,192608db42251d675da83286b1cce702) (ScriptedImporter) -> (artifact id: 'a8ad80e74cb07a133008f759331bec95') in 0.02545 seconds
Number of updated asset objects reloaded before import = 0Number of asset objects unloaded after import = 2

========================================================================
Received Import Request.
  Time since last request: 0.000022 seconds.
  path: Assets/8FastCars/Prefabs/Caravan.prefab
  artifactKey: Guid(64759c85c01942545951c0204e0d2f1b) Importer(2089858483,192608db42251d675da83286b1cce702)
Start importing Assets/8FastCars/Prefabs/Caravan.prefab using Guid(64759c85c01942545951c0204e0d2f1b) Importer(2089858483,192608db42251d675da83286b1cce702) (ScriptedImporter) -> (artifact id: '524ff95d49c2f8f30a82ceb1cf1dfb18') in 0.0207954 seconds
Number of updated asset objects reloaded before import = 0Number of asset objects unloaded after import = 58

========================================================================
Received Import Request.
  Time since last request: 0.000032 seconds.
  path: Assets/8FastCars/Materials/Thunder_body.mat
  artifactKey: Guid(4cffd1a11b7a88141b5808cd4d7b7cd0) Importer(2089858483,192608db42251d675da83286b1cce702)
Start importing Assets/8FastCars/Materials/Thunder_body.mat using Guid(4cffd1a11b7a88141b5808cd4d7b7cd0) Importer(2089858483,192608db42251d675da83286b1cce702) (ScriptedImporter) -> (artifact id: 'f57d06d107f013d8ae686f2e90cb607a') in 0.0230758 seconds
Number of updated asset objects reloaded before import = 0Number of asset objects unloaded after import = 2

========================================================================
Received Import Request.
  Time since last request: 0.000024 seconds.
  path: Assets/8FastCars/Textures/Megan_wheel.png
  artifactKey: Guid(9e0c3dfa2377b9840ac6852e4cc3abd3) Importer(2089858483,192608db42251d675da83286b1cce702)
Start importing Assets/8FastCars/Textures/Megan_wheel.png using Guid(9e0c3dfa2377b9840ac6852e4cc3abd3) Importer(2089858483,192608db42251d675da83286b1cce702) (ScriptedImporter) -> (artifact id: '371e335de14867a38193fd3af26c0c1f') in 0.0215253 seconds
Number of updated asset objects reloaded before import = 0Number of asset objects unloaded after import = 1

========================================================================
Received Import Request.
  Time since last request: 0.000027 seconds.
  path: Assets/Classical_city/Prefab/fountain.prefab
  artifactKey: Guid(8deb31421a60d7e4fbc8e169ac9bfb64) Importer(2089858483,192608db42251d675da83286b1cce702)
Start importing Assets/Classical_city/Prefab/fountain.prefab using Guid(8deb31421a60d7e4fbc8e169ac9bfb64) Importer(2089858483,192608db42251d675da83286b1cce702) (ScriptedImporter) -> (artifact id: '0246457df54f64d05308467c5043e3b4') in 0.017632 seconds
Number of updated asset objects reloaded before import = 0Number of asset objects unloaded after import = 10

========================================================================
Received Import Request.
  Time since last request: 0.000021 seconds.
  path: Assets/Classical_city/Prefab/plane_tree_a.prefab
  artifactKey: Guid(9ea1610ab97c7214faa3e7ccbe6c23f2) Importer(2089858483,192608db42251d675da83286b1cce702)
Start importing Assets/Classical_city/Prefab/plane_tree_a.prefab using Guid(9ea1610ab97c7214faa3e7ccbe6c23f2) Importer(2089858483,192608db42251d675da83286b1cce702) (ScriptedImporter) -> (artifact id: 'bac152db6a0ffe14760fb2f23c43025a') in 0.01744 seconds
Number of updated asset objects reloaded before import = 0Number of asset objects unloaded after import = 9

========================================================================
Received Import Request.
  Time since last request: 0.000023 seconds.
  path: Assets/Classical_city/Particles/Rain.prefab
  artifactKey: Guid(802d1d864872b73498d4eb1258dcac24) Importer(2089858483,192608db42251d675da83286b1cce702)
Start importing Assets/Classical_city/Particles/Rain.prefab using Guid(802d1d864872b73498d4eb1258dcac24) Importer(2089858483,192608db42251d675da83286b1cce702) (ScriptedImporter) -> (artifact id: 'c2874acc7575e01d7862d36f2f964c8f') in 0.040157 seconds
Number of updated asset objects reloaded before import = 0Number of asset objects unloaded after import = 6

========================================================================
Received Import Request.
  Time since last request: 0.000021 seconds.
  path: Assets/Classical_city/Textures/building_a_light_day.tif
  artifactKey: Guid(ca7e458f7a4fc9f4da7da7cb6dfdac6e) Importer(2089858483,192608db42251d675da83286b1cce702)
Start importing Assets/Classical_city/Textures/building_a_light_day.tif using Guid(ca7e458f7a4fc9f4da7da7cb6dfdac6e) Importer(2089858483,192608db42251d675da83286b1cce702) (ScriptedImporter) -> (artifact id: '29bede3ec203723e93f3e8286c154a3a') in 0.0380726 seconds
Number of updated asset objects reloaded before import = 0Number of asset objects unloaded after import = 1

========================================================================
Received Import Request.
  Time since last request: 0.000085 seconds.
  path: Assets/Classical_city/Prefab/tree_a.prefab
  artifactKey: Guid(e9f1993e7daf8bf4fb63a21bde5ebaf9) Importer(2089858483,192608db42251d675da83286b1cce702)
Start importing Assets/Classical_city/Prefab/tree_a.prefab using Guid(e9f1993e7daf8bf4fb63a21bde5ebaf9) Importer(2089858483,192608db42251d675da83286b1cce702) (ScriptedImporter) -> (artifact id: '01edac63f1b34ff063c26d941fced14d') in 0.0188046 seconds
Number of updated asset objects reloaded before import = 0Number of asset objects unloaded after import = 16

========================================================================
Received Import Request.
  Time since last request: 0.000021 seconds.
  path: Assets/Classical_city/Textures/building_b_light.tif
  artifactKey: Guid(26fdd2676d0c3b546b411f81519dbcea) Importer(2089858483,192608db42251d675da83286b1cce702)
Start importing Assets/Classical_city/Textures/building_b_light.tif using Guid(26fdd2676d0c3b546b411f81519dbcea) Importer(2089858483,192608db42251d675da83286b1cce702) (ScriptedImporter) -> (artifact id: '85773f9c0c2ccf887c4e0ea9ff809a3e') in 0.0249704 seconds
Number of updated asset objects reloaded before import = 0Number of asset objects unloaded after import = 1

========================================================================
Received Import Request.
  Time since last request: 0.000027 seconds.
  path: Assets/Classical_city/Textures/banner.tif
  artifactKey: Guid(7ea56a3971438d746a0464dbb3a8ebf6) Importer(2089858483,192608db42251d675da83286b1cce702)
Start importing Assets/Classical_city/Textures/banner.tif using Guid(7ea56a3971438d746a0464dbb3a8ebf6) Importer(2089858483,192608db42251d675da83286b1cce702) (ScriptedImporter) -> (artifact id: '6af92a74288fd357266170ca40557bb4') in 0.040472 seconds
Number of updated asset objects reloaded before import = 0Number of asset objects unloaded after import = 1

========================================================================
Received Import Request.
  Time since last request: 0.000074 seconds.
  path: Assets/Classical_city/Textures/day_sky.hdr
  artifactKey: Guid(764cf6b8648424446ae82f078adbc88e) Importer(2089858483,192608db42251d675da83286b1cce702)
Start importing Assets/Classical_city/Textures/day_sky.hdr using Guid(764cf6b8648424446ae82f078adbc88e) Importer(2089858483,192608db42251d675da83286b1cce702) (ScriptedImporter) -> (artifact id: 'e82838780a768af764d5c41b8272811d') in 0.0457067 seconds
Number of updated asset objects reloaded before import = 0Number of asset objects unloaded after import = 1

========================================================================
Received Import Request.
  Time since last request: 0.000052 seconds.
  path: Assets/Classical_city/Prefab/street_light.prefab
  artifactKey: Guid(fde2a0b2f366c934a98373b606dd4bdf) Importer(2089858483,192608db42251d675da83286b1cce702)
Start importing Assets/Classical_city/Prefab/street_light.prefab using Guid(fde2a0b2f366c934a98373b606dd4bdf) Importer(2089858483,192608db42251d675da83286b1cce702) (ScriptedImporter) -> (artifact id: '5132f9ca4c4661e8eb962935a1571f86') in 0.0213763 seconds
Number of updated asset objects reloaded before import = 0Number of asset objects unloaded after import = 10

========================================================================
Received Import Request.
  Time since last request: 0.000024 seconds.
  path: Assets/Classical_city/Prefab/plane_tree_c.prefab
  artifactKey: Guid(2520103ab647a9344a3bdf0e504f12c1) Importer(2089858483,192608db42251d675da83286b1cce702)
Start importing Assets/Classical_city/Prefab/plane_tree_c.prefab using Guid(2520103ab647a9344a3bdf0e504f12c1) Importer(2089858483,192608db42251d675da83286b1cce702) (ScriptedImporter) -> (artifact id: '741775c87a1e1c832ab01317c1d07404') in 0.0197833 seconds
Number of updated asset objects reloaded before import = 0Number of asset objects unloaded after import = 9

========================================================================
Received Import Request.
  Time since last request: 0.000027 seconds.
  path: Assets/8FastCars/Materials/Megan_CarInterior.mat
  artifactKey: Guid(0f5a54ed5f8bf7348ae2bf47f0391339) Importer(2089858483,192608db42251d675da83286b1cce702)
Start importing Assets/8FastCars/Materials/Megan_CarInterior.mat using Guid(0f5a54ed5f8bf7348ae2bf47f0391339) Importer(2089858483,192608db42251d675da83286b1cce702) (ScriptedImporter) -> (artifact id: '5f96ee6463740d08a8fc815c1e30b7b7') in 0.0216142 seconds
Number of updated asset objects reloaded before import = 0Number of asset objects unloaded after import = 1

========================================================================
Received Import Request.
  Time since last request: 0.000030 seconds.
  path: Assets/Classical_city/Prefab/flower_pot.prefab
  artifactKey: Guid(46999b7e91a77b24bbe3ec53cffe3ae8) Importer(2089858483,192608db42251d675da83286b1cce702)
Start importing Assets/Classical_city/Prefab/flower_pot.prefab using Guid(46999b7e91a77b24bbe3ec53cffe3ae8) Importer(2089858483,192608db42251d675da83286b1cce702) (ScriptedImporter) -> (artifact id: 'e1a2365e40e91b52861caedc48d9a6dc') in 0.0246509 seconds
Number of updated asset objects reloaded before import = 0Number of asset objects unloaded after import = 10

========================================================================
Received Import Request.
  Time since last request: 0.000045 seconds.
  path: Assets/Classical_city/Prefab/city_day.prefab
  artifactKey: Guid(53f02c572f803604381e0c7c6737653b) Importer(2089858483,192608db42251d675da83286b1cce702)
Start importing Assets/Classical_city/Prefab/city_day.prefab using Guid(53f02c572f803604381e0c7c6737653b) Importer(2089858483,192608db42251d675da83286b1cce702) (ScriptedImporter) -> (artifact id: 'f6e77e542a9d2fc1d7b85b8470790979') in 0.8332135 seconds
Number of updated asset objects reloaded before import = 0Number of asset objects unloaded after import = 10372

========================================================================
Received Import Request.
  Time since last request: 0.000045 seconds.
  path: Assets/Garage/Prefab/tire_a.prefab
  artifactKey: Guid(d24ae6a8b7e0e404eae75919c91a13e1) Importer(2089858483,192608db42251d675da83286b1cce702)
Start importing Assets/Garage/Prefab/tire_a.prefab using Guid(d24ae6a8b7e0e404eae75919c91a13e1) Importer(2089858483,192608db42251d675da83286b1cce702) (ScriptedImporter) -> (artifact id: 'a037d0dbfadae72c0d1f204ada9b5738') in 0.0238649 seconds
Number of updated asset objects reloaded before import = 0Number of asset objects unloaded after import = 10

========================================================================
Received Import Request.
  Time since last request: 0.000035 seconds.
  path: Assets/Garage/Prefab/toolbox_C.prefab
  artifactKey: Guid(0817051320c8d5240872882b60a3268e) Importer(2089858483,192608db42251d675da83286b1cce702)
Start importing Assets/Garage/Prefab/toolbox_C.prefab using Guid(0817051320c8d5240872882b60a3268e) Importer(2089858483,192608db42251d675da83286b1cce702) (ScriptedImporter) -> (artifact id: 'b612670d829100b0a9b0c21179db8a09') in 0.0207046 seconds
Number of updated asset objects reloaded before import = 0Number of asset objects unloaded after import = 10

========================================================================
Received Import Request.
  Time since last request: 0.000024 seconds.
  path: Assets/Garage/Prefab/chair.prefab
  artifactKey: Guid(053ec0454f3293d4ea758c979245a6d9) Importer(2089858483,192608db42251d675da83286b1cce702)
Start importing Assets/Garage/Prefab/chair.prefab using Guid(053ec0454f3293d4ea758c979245a6d9) Importer(2089858483,192608db42251d675da83286b1cce702) (ScriptedImporter) -> (artifact id: '24ec9866050714d507b680317cc4b90d') in 0.0193751 seconds
Number of updated asset objects reloaded before import = 0Number of asset objects unloaded after import = 10

========================================================================
Received Import Request.
  Time since last request: 0.000028 seconds.
  path: Assets/Classical_city/Textures/night_sky.hdr
  artifactKey: Guid(533cd18c8bb0e1e42a556e5f91983caa) Importer(2089858483,192608db42251d675da83286b1cce702)
Start importing Assets/Classical_city/Textures/night_sky.hdr using Guid(533cd18c8bb0e1e42a556e5f91983caa) Importer(2089858483,192608db42251d675da83286b1cce702) (ScriptedImporter) -> (artifact id: '381d66e91fb1bb3d7be771c5aa30d202') in 0.0724329 seconds
Number of updated asset objects reloaded before import = 0Number of asset objects unloaded after import = 1

========================================================================
Received Import Request.
  Time since last request: 0.000019 seconds.
  path: Assets/Garage/Garage_lightmap/Lightmap-1_comp_dir.png
  artifactKey: Guid(4dfd6c8b244cd094fa26e4eaf725ff79) Importer(2089858483,192608db42251d675da83286b1cce702)
Start importing Assets/Garage/Garage_lightmap/Lightmap-1_comp_dir.png using Guid(4dfd6c8b244cd094fa26e4eaf725ff79) Importer(2089858483,192608db42251d675da83286b1cce702) (ScriptedImporter) -> (artifact id: '02dc7024b5288aabcb493fb60638f337') in 0.031681 seconds
Number of updated asset objects reloaded before import = 0Number of asset objects unloaded after import = 1

========================================================================
Received Import Request.
  Time since last request: 0.000024 seconds.
  path: Assets/Classical_city/Prefab/building_n.prefab
  artifactKey: Guid(f13ef896099df7945a98d1144a050d7a) Importer(2089858483,192608db42251d675da83286b1cce702)
Start importing Assets/Classical_city/Prefab/building_n.prefab using Guid(f13ef896099df7945a98d1144a050d7a) Importer(2089858483,192608db42251d675da83286b1cce702) (ScriptedImporter) -> (artifact id: '6b53dd23708165a57abb248dc98d0b59') in 0.019808 seconds
Number of updated asset objects reloaded before import = 0Number of asset objects unloaded after import = 16

========================================================================
Received Import Request.
  Time since last request: 0.000021 seconds.
  path: Assets/Classical_city/Prefab/grass_c.prefab
  artifactKey: Guid(b3bea232c32cd77469b37477a1fc5570) Importer(2089858483,192608db42251d675da83286b1cce702)
Start importing Assets/Classical_city/Prefab/grass_c.prefab using Guid(b3bea232c32cd77469b37477a1fc5570) Importer(2089858483,192608db42251d675da83286b1cce702) (ScriptedImporter) -> (artifact id: '41f62762b7d33fdb85a7dd7faf23b7ce') in 0.0183603 seconds
Number of updated asset objects reloaded before import = 0Number of asset objects unloaded after import = 10

========================================================================
Received Import Request.
  Time since last request: 0.000026 seconds.
  path: Assets/Classical_city/Prefab/electric_box.prefab
  artifactKey: Guid(e96f3681d9deaa1418c7d299abd86b81) Importer(2089858483,192608db42251d675da83286b1cce702)
Start importing Assets/Classical_city/Prefab/electric_box.prefab using Guid(e96f3681d9deaa1418c7d299abd86b81) Importer(2089858483,192608db42251d675da83286b1cce702) (ScriptedImporter) -> (artifact id: '26230f27105b2a6bb93e1a2bf7eefd51') in 0.0187575 seconds
Number of updated asset objects reloaded before import = 0Number of asset objects unloaded after import = 10

========================================================================
Received Import Request.
  Time since last request: 0.000024 seconds.
  path: Assets/Classical_city/Materials/Glass.mat
  artifactKey: Guid(a903a90cb5d6ff440a98e72f30680263) Importer(2089858483,192608db42251d675da83286b1cce702)
Start importing Assets/Classical_city/Materials/Glass.mat using Guid(a903a90cb5d6ff440a98e72f30680263) Importer(2089858483,192608db42251d675da83286b1cce702) (ScriptedImporter) -> (artifact id: 'b215802feef26e7fda7da7e456657ab4') in 0.0187289 seconds
Number of updated asset objects reloaded before import = 0Number of asset objects unloaded after import = 1

========================================================================
Received Import Request.
  Time since last request: 0.000047 seconds.
  path: Assets/Classical_city/Prefab/chemney.prefab
  artifactKey: Guid(11f4428e1b8024846a8c454d2f9e359e) Importer(2089858483,192608db42251d675da83286b1cce702)
Start importing Assets/Classical_city/Prefab/chemney.prefab using Guid(11f4428e1b8024846a8c454d2f9e359e) Importer(2089858483,192608db42251d675da83286b1cce702) (ScriptedImporter) -> (artifact id: '88cc67cd41c078db8670486fb467a2e2') in 0.0178062 seconds
Number of updated asset objects reloaded before import = 0Number of asset objects unloaded after import = 10

========================================================================
Received Import Request.
  Time since last request: 0.000032 seconds.
  path: Assets/Classical_city/scene_day.unity
  artifactKey: Guid(0168ff1d89866044e9fc197dafe69d10) Importer(2089858483,192608db42251d675da83286b1cce702)
Start importing Assets/Classical_city/scene_day.unity using Guid(0168ff1d89866044e9fc197dafe69d10) Importer(2089858483,192608db42251d675da83286b1cce702) (ScriptedImporter) -> (artifact id: '46e5fd85bb41eee3e3129e34076615dc') in 0.0200003 seconds
Number of updated asset objects reloaded before import = 0Number of asset objects unloaded after import = 1

========================================================================
Received Import Request.
  Time since last request: 0.000042 seconds.
  path: Assets/Garage/Prefab/toolbox_b.prefab
  artifactKey: Guid(de49100342b0d7644a93bdfd09eb8bfb) Importer(2089858483,192608db42251d675da83286b1cce702)
Start importing Assets/Garage/Prefab/toolbox_b.prefab using Guid(de49100342b0d7644a93bdfd09eb8bfb) Importer(2089858483,192608db42251d675da83286b1cce702) (ScriptedImporter) -> (artifact id: '79b6a23f06c8f7e1d078cf7018862f9f') in 0.0193714 seconds
Number of updated asset objects reloaded before import = 0Number of asset objects unloaded after import = 10

========================================================================
Received Import Request.
  Time since last request: 0.000025 seconds.
  path: Assets/Classical_city/Models/tree.FBX
  artifactKey: Guid(5f6d8ed82ddb8ff42b3019c3393bb921) Importer(2089858483,192608db42251d675da83286b1cce702)
Start importing Assets/Classical_city/Models/tree.FBX using Guid(5f6d8ed82ddb8ff42b3019c3393bb921) Importer(2089858483,192608db42251d675da83286b1cce702) (ScriptedImporter) -> (artifact id: '08a0a2da324e97937419d07bd9747076') in 0.0238726 seconds
Number of updated asset objects reloaded before import = 0Number of asset objects unloaded after import = 24

========================================================================
Received Import Request.
  Time since last request: 0.000025 seconds.
  path: Assets/Classical_city/Textures/building_a.tif
  artifactKey: Guid(7c6a1661f1e796041868e68b24366533) Importer(2089858483,192608db42251d675da83286b1cce702)
Start importing Assets/Classical_city/Textures/building_a.tif using Guid(7c6a1661f1e796041868e68b24366533) Importer(2089858483,192608db42251d675da83286b1cce702) (ScriptedImporter) -> (artifact id: '15e69ec234ac00e2e4efd7aa235b1fee') in 0.0365727 seconds
Number of updated asset objects reloaded before import = 0Number of asset objects unloaded after import = 1

========================================================================
Received Import Request.
  Time since last request: 0.000022 seconds.
  path: Assets/Classical_city/Prefab/building_k.prefab
  artifactKey: Guid(f7a308415a102df4ea4f3ce560dd90fc) Importer(2089858483,192608db42251d675da83286b1cce702)
Start importing Assets/Classical_city/Prefab/building_k.prefab using Guid(f7a308415a102df4ea4f3ce560dd90fc) Importer(2089858483,192608db42251d675da83286b1cce702) (ScriptedImporter) -> (artifact id: 'f5c430065ce7a0066ccafd61c1d48d93') in 0.0196868 seconds
Number of updated asset objects reloaded before import = 0Number of asset objects unloaded after import = 16

========================================================================
Received Import Request.
  Time since last request: 0.000027 seconds.
  path: Assets/Classical_city/Particles/Source/Waterdrop.mat
  artifactKey: Guid(031f768450766524f962d327e76b540d) Importer(2089858483,192608db42251d675da83286b1cce702)
Start importing Assets/Classical_city/Particles/Source/Waterdrop.mat using Guid(031f768450766524f962d327e76b540d) Importer(2089858483,192608db42251d675da83286b1cce702) (ScriptedImporter) -> (artifact id: '74bf87f5c89d5cfab371090e89bd6788') in 0.0233647 seconds
Number of updated asset objects reloaded before import = 0Number of asset objects unloaded after import = 2

========================================================================
Received Import Request.
  Time since last request: 0.000019 seconds.
  path: Assets/Garage/Source/Textures/cubemap_garage.hdr
  artifactKey: Guid(a14e88f8d2de8ab42b53466a9c49897e) Importer(2089858483,192608db42251d675da83286b1cce702)
Start importing Assets/Garage/Source/Textures/cubemap_garage.hdr using Guid(a14e88f8d2de8ab42b53466a9c49897e) Importer(2089858483,192608db42251d675da83286b1cce702) (ScriptedImporter) -> (artifact id: 'd5b4959820ba227782b3f22f41a069e1') in 0.0672739 seconds
Number of updated asset objects reloaded before import = 0Number of asset objects unloaded after import = 1

========================================================================
Received Import Request.
  Time since last request: 0.000034 seconds.
  path: Assets/Classical_city/Particles/Lens Flares/Sun (from space).flare
  artifactKey: Guid(8541d94808d5849d8bfa480259334205) Importer(2089858483,192608db42251d675da83286b1cce702)
Start importing Assets/Classical_city/Particles/Lens Flares/Sun (from space).flare using Guid(8541d94808d5849d8bfa480259334205) Importer(2089858483,192608db42251d675da83286b1cce702) (ScriptedImporter) -> (artifact id: 'ba598be00e693ff1bbfeb6b4d77b7fd5') in 0.0164888 seconds
Number of updated asset objects reloaded before import = 0Number of asset objects unloaded after import = 2

========================================================================
Received Import Request.
  Time since last request: 0.000025 seconds.
  path: Assets/Classical_city/Particles/Lens Flares/Cold Clear Sun.flare
  artifactKey: Guid(eb7f2fdf6cf18496a8300de97efb5eac) Importer(2089858483,192608db42251d675da83286b1cce702)
Start importing Assets/Classical_city/Particles/Lens Flares/Cold Clear Sun.flare using Guid(eb7f2fdf6cf18496a8300de97efb5eac) Importer(2089858483,192608db42251d675da83286b1cce702) (ScriptedImporter) -> (artifact id: '8557f029db43930fcbdebbd700ce7d7a') in 0.0205059 seconds
Number of updated asset objects reloaded before import = 0Number of asset objects unloaded after import = 2

========================================================================
Received Import Request.
  Time since last request: 0.000022 seconds.
  path: Assets/Garage/Particles/Prefabs/Dust.prefab
  artifactKey: Guid(8d218001a1e147542bc5a9058259e49f) Importer(2089858483,192608db42251d675da83286b1cce702)
Start importing Assets/Garage/Particles/Prefabs/Dust.prefab using Guid(8d218001a1e147542bc5a9058259e49f) Importer(2089858483,192608db42251d675da83286b1cce702) (ScriptedImporter) -> (artifact id: '6d2236132bf5e220bede5bfa3f166646') in 0.0393351 seconds
Number of updated asset objects reloaded before import = 0Number of asset objects unloaded after import = 6

========================================================================
Received Import Request.
  Time since last request: 0.000023 seconds.
  path: Assets/Garage/Particles/Materials/Sun_Shafts.mat
  artifactKey: Guid(b4f964195552a514da1efab75f4507e8) Importer(2089858483,192608db42251d675da83286b1cce702)
Start importing Assets/Garage/Particles/Materials/Sun_Shafts.mat using Guid(b4f964195552a514da1efab75f4507e8) Importer(2089858483,192608db42251d675da83286b1cce702) (ScriptedImporter) -> (artifact id: 'de67913b128210052d8749730a4cd324') in 0.0203123 seconds
Number of updated asset objects reloaded before import = 0Number of asset objects unloaded after import = 2

========================================================================
Received Import Request.
  Time since last request: 0.000027 seconds.
  path: Assets/Garage/Particles/Materials/dust.mat
  artifactKey: Guid(624b98c6e3625554085643f81b45c91f) Importer(2089858483,192608db42251d675da83286b1cce702)
Start importing Assets/Garage/Particles/Materials/dust.mat using Guid(624b98c6e3625554085643f81b45c91f) Importer(2089858483,192608db42251d675da83286b1cce702) (ScriptedImporter) -> (artifact id: '6ae501e218f1495785bf33cf7d025cdd') in 0.0198848 seconds
Number of updated asset objects reloaded before import = 0Number of asset objects unloaded after import = 2

========================================================================
Received Import Request.
  Time since last request: 0.000023 seconds.
  path: Assets/Classical_city/Particles/Lens Flares/6 Blade Aperture.flare
  artifactKey: Guid(51e9e94bd0b2a4b96a5d00f9441133a7) Importer(2089858483,192608db42251d675da83286b1cce702)
Start importing Assets/Classical_city/Particles/Lens Flares/6 Blade Aperture.flare using Guid(51e9e94bd0b2a4b96a5d00f9441133a7) Importer(2089858483,192608db42251d675da83286b1cce702) (ScriptedImporter) -> (artifact id: '19943aff883f9dc80187a9b71334872b') in 0.2831799 seconds
Number of updated asset objects reloaded before import = 0Number of asset objects unloaded after import = 2

========================================================================
Received Import Request.
  Time since last request: 0.000021 seconds.
  path: Assets/Classical_city/Particles/Lens Flares/Art Assets/laser.psd
  artifactKey: Guid(f6e8a425cb28249b09ad686f25ae8a2b) Importer(2089858483,192608db42251d675da83286b1cce702)
Start importing Assets/Classical_city/Particles/Lens Flares/Art Assets/laser.psd using Guid(f6e8a425cb28249b09ad686f25ae8a2b) Importer(2089858483,192608db42251d675da83286b1cce702) (ScriptedImporter) -> (artifact id: 'c27b37a510a43e6152e8c3448ab48193') in 0.0264337 seconds
Number of updated asset objects reloaded before import = 0Number of asset objects unloaded after import = 1

========================================================================
Received Import Request.
  Time since last request: 0.000047 seconds.
  path: Assets/Classical_city/Particles/Rain Drops/Resources/RainMap_Camera_Trail.png
  artifactKey: Guid(70070250608363441919aee8cb89f624) Importer(2089858483,192608db42251d675da83286b1cce702)
Start importing Assets/Classical_city/Particles/Rain Drops/Resources/RainMap_Camera_Trail.png using Guid(70070250608363441919aee8cb89f624) Importer(2089858483,192608db42251d675da83286b1cce702) (ScriptedImporter) -> (artifact id: 'd8c49ebb6146ef08948a2b7719666203') in 0.0214729 seconds
Number of updated asset objects reloaded before import = 0Number of asset objects unloaded after import = 1

========================================================================
Received Import Request.
  Time since last request: 0.000037 seconds.
  path: Assets/Garage/Prefab/wall_reck.prefab
  artifactKey: Guid(50ccf7343eb67014aa4a2c27214ba264) Importer(2089858483,192608db42251d675da83286b1cce702)
Start importing Assets/Garage/Prefab/wall_reck.prefab using Guid(50ccf7343eb67014aa4a2c27214ba264) Importer(2089858483,192608db42251d675da83286b1cce702) (ScriptedImporter) -> (artifact id: '21d5d73589d9312323c678774c524b36') in 0.0180893 seconds
Number of updated asset objects reloaded before import = 0Number of asset objects unloaded after import = 10

========================================================================
Received Import Request.
  Time since last request: 0.000023 seconds.
  path: Assets/8FastCars/Models/Materials/CarShadow.004.mat
  artifactKey: Guid(aee5de9a1ca7f8f4e96004595dd42086) Importer(2089858483,192608db42251d675da83286b1cce702)
Start importing Assets/8FastCars/Models/Materials/CarShadow.004.mat using Guid(aee5de9a1ca7f8f4e96004595dd42086) Importer(2089858483,192608db42251d675da83286b1cce702) (ScriptedImporter) -> (artifact id: '503f3054bc1ae1337b0bf81c209a64c3') in 0.0300795 seconds
Number of updated asset objects reloaded before import = 0Number of asset objects unloaded after import = 2

========================================================================
Received Import Request.
  Time since last request: 0.000019 seconds.
  path: Assets/8FastCars/Models/Materials/CarShadow.003.mat
  artifactKey: Guid(3f1cfb07543759a44845cf4d9eaa689c) Importer(2089858483,192608db42251d675da83286b1cce702)
Start importing Assets/8FastCars/Models/Materials/CarShadow.003.mat using Guid(3f1cfb07543759a44845cf4d9eaa689c) Importer(2089858483,192608db42251d675da83286b1cce702) (ScriptedImporter) -> (artifact id: '0b9e1a041f541d2caac788320df4a224') in 0.021616 seconds
Number of updated asset objects reloaded before import = 0Number of asset objects unloaded after import = 2

========================================================================
Received Import Request.
  Time since last request: 0.000019 seconds.
  path: Assets/Garage/Source/Textures/Garage Props Glow.tif
  artifactKey: Guid(daff2dc974a5273448a4876fcfc3f948) Importer(2089858483,192608db42251d675da83286b1cce702)
Start importing Assets/Garage/Source/Textures/Garage Props Glow.tif using Guid(daff2dc974a5273448a4876fcfc3f948) Importer(2089858483,192608db42251d675da83286b1cce702) (ScriptedImporter) -> (artifact id: '063abf35497f21aff0e3c71c3f020057') in 0.0283213 seconds
Number of updated asset objects reloaded before import = 0Number of asset objects unloaded after import = 1

========================================================================
Received Import Request.
  Time since last request: 0.000068 seconds.
  path: Assets/Garage/Source/Materials/Garage Props.mat
  artifactKey: Guid(46c1921047bfdb74fb260b1fffa3f1db) Importer(2089858483,192608db42251d675da83286b1cce702)
Start importing Assets/Garage/Source/Materials/Garage Props.mat using Guid(46c1921047bfdb74fb260b1fffa3f1db) Importer(2089858483,192608db42251d675da83286b1cce702) (ScriptedImporter) -> (artifact id: '8f511626e379e05a513e8f9b9acf17d1') in 0.0229299 seconds
Number of updated asset objects reloaded before import = 0Number of asset objects unloaded after import = 3

========================================================================
Received Import Request.
  Time since last request: 0.000021 seconds.
  path: Assets/Classical_city/Particles/Lens Flares/Halogen Bulb.flare
  artifactKey: Guid(92cd0f8877eff40d3b5e3357384d5f28) Importer(2089858483,192608db42251d675da83286b1cce702)
Start importing Assets/Classical_city/Particles/Lens Flares/Halogen Bulb.flare using Guid(92cd0f8877eff40d3b5e3357384d5f28) Importer(2089858483,192608db42251d675da83286b1cce702) (ScriptedImporter) -> (artifact id: 'e0850487cf0b5cb3a711e1b677bfd6ea') in 0.0189345 seconds
Number of updated asset objects reloaded before import = 0Number of asset objects unloaded after import = 2

========================================================================
Received Import Request.
  Time since last request: 0.000022 seconds.
  path: Assets/Classical_city/Particles/Lens Flares/Subtle2.flare
  artifactKey: Guid(491f42dc6a72d468784d9e40740471b2) Importer(2089858483,192608db42251d675da83286b1cce702)
Start importing Assets/Classical_city/Particles/Lens Flares/Subtle2.flare using Guid(491f42dc6a72d468784d9e40740471b2) Importer(2089858483,192608db42251d675da83286b1cce702) (ScriptedImporter) -> (artifact id: '5d25e31e755367910587202f758df77b') in 0.0169937 seconds
Number of updated asset objects reloaded before import = 0Number of asset objects unloaded after import = 2

========================================================================
Received Import Request.
  Time since last request: 0.000019 seconds.
  path: Assets/Garage/Particles/Textures/SunShaft.psd
  artifactKey: Guid(ab7ad8972d8c41c4d999bdb16b723f16) Importer(2089858483,192608db42251d675da83286b1cce702)
Start importing Assets/Garage/Particles/Textures/SunShaft.psd using Guid(ab7ad8972d8c41c4d999bdb16b723f16) Importer(2089858483,192608db42251d675da83286b1cce702) (ScriptedImporter) -> (artifact id: 'a4cb55cf7c582c63cefdf5cbcf7eca2a') in 0.0250866 seconds
Number of updated asset objects reloaded before import = 0Number of asset objects unloaded after import = 1

========================================================================
Received Import Request.
  Time since last request: 0.000057 seconds.
  path: Assets/Classical_city/scene_night.unity
  artifactKey: Guid(564a69cd6e57fe740b806f42eee67882) Importer(2089858483,192608db42251d675da83286b1cce702)
Start importing Assets/Classical_city/scene_night.unity using Guid(564a69cd6e57fe740b806f42eee67882) Importer(2089858483,192608db42251d675da83286b1cce702) (ScriptedImporter) -> (artifact id: 'c9cb91ff3dbda0db570f9b38f96124b2') in 0.0239361 seconds
Number of updated asset objects reloaded before import = 0Number of asset objects unloaded after import = 1

========================================================================
Received Import Request.
  Time since last request: 0.000043 seconds.
  path: Assets/Garage/Prefab/light_a.prefab
  artifactKey: Guid(d80d3ee09f8123a42ae7250230eb223e) Importer(2089858483,192608db42251d675da83286b1cce702)
Start importing Assets/Garage/Prefab/light_a.prefab using Guid(d80d3ee09f8123a42ae7250230eb223e) Importer(2089858483,192608db42251d675da83286b1cce702) (ScriptedImporter) -> (artifact id: '1f49541418a37952ff2e478a885467f3') in 0.0191435 seconds
Number of updated asset objects reloaded before import = 0Number of asset objects unloaded after import = 10

========================================================================
Received Import Request.
  Time since last request: 0.000024 seconds.
  path: Assets/Classical_city/Textures/overcast_sky.hdr
  artifactKey: Guid(8cc83bb7142db56469d17863933bc40b) Importer(2089858483,192608db42251d675da83286b1cce702)
Start importing Assets/Classical_city/Textures/overcast_sky.hdr using Guid(8cc83bb7142db56469d17863933bc40b) Importer(2089858483,192608db42251d675da83286b1cce702) (ScriptedImporter) -> (artifact id: '0128a2eac46bbc287c6897e069bad25c') in 0.0438664 seconds
Number of updated asset objects reloaded before import = 0Number of asset objects unloaded after import = 1

========================================================================
Received Import Request.
  Time since last request: 0.000063 seconds.
  path: Assets/Classical_city/scene_night/LightingData.asset
  artifactKey: Guid(c58a20e614e55324ead84485c5ba142b) Importer(2089858483,192608db42251d675da83286b1cce702)
Start importing Assets/Classical_city/scene_night/LightingData.asset using Guid(c58a20e614e55324ead84485c5ba142b) Importer(2089858483,192608db42251d675da83286b1cce702) (ScriptedImporter) -> (artifact id: 'd9c1c975ad1f1a6bf0a6064406167867') in 0.0198584 seconds
Number of updated asset objects reloaded before import = 0Number of asset objects unloaded after import = 2

========================================================================
Received Import Request.
  Time since last request: 0.000034 seconds.
  path: Assets/Classical_city/Prefab/building_r.prefab
  artifactKey: Guid(caeb4953657e1ba459de5feddff45285) Importer(2089858483,192608db42251d675da83286b1cce702)
Start importing Assets/Classical_city/Prefab/building_r.prefab using Guid(caeb4953657e1ba459de5feddff45285) Importer(2089858483,192608db42251d675da83286b1cce702) (ScriptedImporter) -> (artifact id: '14376d90f7266df9a9d2b18d2e7aaa6b') in 0.0222741 seconds
Number of updated asset objects reloaded before import = 0Number of asset objects unloaded after import = 16

========================================================================
Received Import Request.
  Time since last request: 0.000023 seconds.
  path: Assets/Classical_city/Prefab/plane_tree_b.prefab
  artifactKey: Guid(2c469454828ca9c4ea738dd0d2601c08) Importer(2089858483,192608db42251d675da83286b1cce702)
Start importing Assets/Classical_city/Prefab/plane_tree_b.prefab using Guid(2c469454828ca9c4ea738dd0d2601c08) Importer(2089858483,192608db42251d675da83286b1cce702) (ScriptedImporter) -> (artifact id: '65e60289d10082c3cb544fddebd13967') in 0.0165803 seconds
Number of updated asset objects reloaded before import = 0Number of asset objects unloaded after import = 9

========================================================================
Received Import Request.
  Time since last request: 0.000024 seconds.
  path: Assets/8FastCars/Materials/CarShadow.mat
  artifactKey: Guid(b6d2b0b95bd4f1f41bc92c122fed5278) Importer(2089858483,192608db42251d675da83286b1cce702)
Start importing Assets/8FastCars/Materials/CarShadow.mat using Guid(b6d2b0b95bd4f1f41bc92c122fed5278) Importer(2089858483,192608db42251d675da83286b1cce702) (ScriptedImporter) -> (artifact id: 'b92a94b92e41f540916cd6bc5b990bd5') in 0.0201196 seconds
Number of updated asset objects reloaded before import = 0Number of asset objects unloaded after import = 2

========================================================================
Received Import Request.
  Time since last request: 0.000027 seconds.
  path: Assets/Garage/Source/Textures/Garage Outdoor.tif
  artifactKey: Guid(8939afe673d403145bcb2c0c09dbed06) Importer(2089858483,192608db42251d675da83286b1cce702)
Start importing Assets/Garage/Source/Textures/Garage Outdoor.tif using Guid(8939afe673d403145bcb2c0c09dbed06) Importer(2089858483,192608db42251d675da83286b1cce702) (ScriptedImporter) -> (artifact id: '2ed076492bfdd6dbb741ef3db07ed93a') in 0.02494 seconds
Number of updated asset objects reloaded before import = 0Number of asset objects unloaded after import = 1

========================================================================
Received Import Request.
  Time since last request: 0.000082 seconds.
  path: Assets/8FastCars/Materials/Lagoon_plastic.mat
  artifactKey: Guid(67b3d9a829d42ef4692c7c98c38c5fe6) Importer(2089858483,192608db42251d675da83286b1cce702)
Start importing Assets/8FastCars/Materials/Lagoon_plastic.mat using Guid(67b3d9a829d42ef4692c7c98c38c5fe6) Importer(2089858483,192608db42251d675da83286b1cce702) (ScriptedImporter) -> (artifact id: 'cd530a4383eb9edd3002298765c0b382') in 0.0228554 seconds
Number of updated asset objects reloaded before import = 0Number of asset objects unloaded after import = 2

========================================================================
Received Import Request.
  Time since last request: 0.000024 seconds.
  path: Assets/Garage/GarageSettings.lighting
  artifactKey: Guid(905594edd5f57a340b0805b667632a93) Importer(2089858483,192608db42251d675da83286b1cce702)
Start importing Assets/Garage/GarageSettings.lighting using Guid(905594edd5f57a340b0805b667632a93) Importer(2089858483,192608db42251d675da83286b1cce702) (ScriptedImporter) -> (artifact id: 'c8325d08901ca25946a1a30be23f94a6') in 0.0191221 seconds
Number of updated asset objects reloaded before import = 0Number of asset objects unloaded after import = 1

========================================================================
Received Import Request.
  Time since last request: 0.000034 seconds.
  path: Assets/Classical_city/Particles/Lens Flares/Art Assets/halogen.psd
  artifactKey: Guid(cd27f222b047841a7ab2f66da58b3a4b) Importer(2089858483,192608db42251d675da83286b1cce702)
Start importing Assets/Classical_city/Particles/Lens Flares/Art Assets/halogen.psd using Guid(cd27f222b047841a7ab2f66da58b3a4b) Importer(2089858483,192608db42251d675da83286b1cce702) (ScriptedImporter) -> (artifact id: '3496bb2add9d66c3dc5e5e24faacd6ac') in 0.025223 seconds
Number of updated asset objects reloaded before import = 0Number of asset objects unloaded after import = 1

========================================================================
Received Import Request.
  Time since last request: 0.000048 seconds.
  path: Assets/8FastCars/Materials/Thunder_chrome.mat
  artifactKey: Guid(dd01780a8a95aae468266b57639661ce) Importer(2089858483,192608db42251d675da83286b1cce702)
Start importing Assets/8FastCars/Materials/Thunder_chrome.mat using Guid(dd01780a8a95aae468266b57639661ce) Importer(2089858483,192608db42251d675da83286b1cce702) (ScriptedImporter) -> (artifact id: '06d71d75411ccda0ff066e266c9a807e') in 0.0194857 seconds
Number of updated asset objects reloaded before import = 0Number of asset objects unloaded after import = 2

========================================================================
Received Import Request.
  Time since last request: 0.000020 seconds.
  path: Assets/8FastCars/Materials/Stranger_lights.mat
  artifactKey: Guid(502a4b2ffb7f478499fbd21c5db63fbf) Importer(2089858483,192608db42251d675da83286b1cce702)
Start importing Assets/8FastCars/Materials/Stranger_lights.mat using Guid(502a4b2ffb7f478499fbd21c5db63fbf) Importer(2089858483,192608db42251d675da83286b1cce702) (ScriptedImporter) -> (artifact id: '3d69160d7acd0fde7777c9c502f16528') in 0.0166141 seconds
Number of updated asset objects reloaded before import = 0Number of asset objects unloaded after import = 2

========================================================================
Received Import Request.
  Time since last request: 0.000018 seconds.
  path: Assets/Classical_city/Particles/Rain Drops/Resources/RainMap_Camera_Small_Medium.png
  artifactKey: Guid(7f58c836b6d937942bf1775284f54c8d) Importer(2089858483,192608db42251d675da83286b1cce702)
Start importing Assets/Classical_city/Particles/Rain Drops/Resources/RainMap_Camera_Small_Medium.png using Guid(7f58c836b6d937942bf1775284f54c8d) Importer(2089858483,192608db42251d675da83286b1cce702) (ScriptedImporter) -> (artifact id: '606459afbf936cea183f9789505c7f4f') in 0.0182278 seconds
Number of updated asset objects reloaded before import = 0Number of asset objects unloaded after import = 1

========================================================================
Received Prepare
Assembly reference Packages/com.unity.cinemachine/Editor/Samples/ExposeHDRPInternals/HDRP-Editor-ref.asmref has no target assembly definition
Assembly reference Packages/com.unity.cinemachine/Editor/Samples/ExposeHDRPInternals/HDRP-Editor-ref.asmref has no target assembly definition
Begin MonoManager ReloadAssembly
- Loaded All Assemblies, in  0.740 seconds
Assembly reference Packages/com.unity.cinemachine/Editor/Samples/ExposeHDRPInternals/HDRP-Editor-ref.asmref has no target assembly definition
'Packages/com.unity.cinemachine/Editor/Obsolete/CinemachineVirtualCameraBaseEditor.cs' contains partial class of Unity.Object, exactly 1 of the partial classes needs to be in a file with the same filename. This is to know the one that can be referenced from ie. GameObjects
'Packages/com.unity.cinemachine/Editor/Editors/CinemachineVirtualCameraBaseEditor.cs' contains partial class of Unity.Object, exactly 1 of the partial classes needs to be in a file with the same filename. This is to know the one that can be referenced from ie. GameObjects
Refreshing native plugins compatible for Editor in 1.00 ms, found 3 plugins.
Native extension for Android target not found
Native extension for UWP target not found
Native extension for WindowsStandalone target not found
Assembly reference Packages/com.unity.cinemachine/Editor/Samples/ExposeHDRPInternals/HDRP-Editor-ref.asmref has no target assembly definition
[Package Manager] Failed to launch server process. Reason: Unity was launched with the -noUpm command-line argument
[Package Manager] Unable to send message (not connected to server process).
[Package Manager] Cannot connect to Unity Package Manager local server
Mono: successfully reloaded assembly
- Finished resetting the current domain, in  0.628 seconds
Domain Reload Profiling: 1369ms
	BeginReloadAssembly (210ms)
		ExecutionOrderSort (0ms)
		DisableScriptedObjects (5ms)
		BackupInstance (0ms)
		ReleaseScriptingObjects (0ms)
		CreateAndSetChildDomain (68ms)
	RebuildCommonClasses (35ms)
	RebuildNativeTypeToScriptingClass (16ms)
	initialDomainReloadingComplete (27ms)
	LoadAllAssembliesAndSetupDomain (451ms)
		LoadAssemblies (328ms)
		RebuildTransferFunctionScriptingTraits (0ms)
		AnalyzeDomain (218ms)
			TypeCache.Refresh (6ms)
				TypeCache.ScanAssembly (0ms)
			BuildScriptInfoCaches (198ms)
			ResolveRequiredComponents (8ms)
	FinalizeReload (629ms)
		ReleaseScriptCaches (0ms)
		RebuildScriptCaches (0ms)
		SetupLoadedEditorAssemblies (498ms)
			LogAssemblyErrors (0ms)
			InitializePlatformSupportModulesInManaged (16ms)
			SetLoadedEditorAssemblies (3ms)
			BeforeProcessingInitializeOnLoad (95ms)
			ProcessInitializeOnLoadAttributes (347ms)
			ProcessInitializeOnLoadMethodAttributes (30ms)
			AfterProcessingInitializeOnLoad (8ms)
			EditorAssembliesLoaded (0ms)
		ExecutionOrderSort2 (0ms)
		AwakeInstancesAfterBackupRestoration (7ms)
Refreshing native plugins compatible for Editor in 1.52 ms, found 3 plugins.
Preloading 0 native plugins for Editor in 0.00 ms.
Unloading 2 Unused Serialized files (Serialized files now loaded: 0)
Unloading 4355 unused Assets / (1.9 MB). Loaded Objects now: 4856.
Memory consumption went from 115.7 MB to 113.8 MB.
Total: 13.424200 ms (FindLiveObjects: 0.873700 ms CreateObjectMapping: 1.245700 ms MarkObjects: 8.285900 ms  DeleteObjects: 3.017100 ms)

Prepare: number of updated asset objects reloaded= 0
========================================================================
Received Prepare
Assembly reference Packages/com.unity.cinemachine/Editor/Samples/ExposeHDRPInternals/HDRP-Editor-ref.asmref has no target assembly definition
Assembly reference Packages/com.unity.cinemachine/Editor/Samples/ExposeHDRPInternals/HDRP-Editor-ref.asmref has no target assembly definition
Begin MonoManager ReloadAssembly
- Loaded All Assemblies, in  0.630 seconds
Assembly reference Packages/com.unity.cinemachine/Editor/Samples/ExposeHDRPInternals/HDRP-Editor-ref.asmref has no target assembly definition
'Packages/com.unity.cinemachine/Editor/Obsolete/CinemachineVirtualCameraBaseEditor.cs' contains partial class of Unity.Object, exactly 1 of the partial classes needs to be in a file with the same filename. This is to know the one that can be referenced from ie. GameObjects
'Packages/com.unity.cinemachine/Editor/Editors/CinemachineVirtualCameraBaseEditor.cs' contains partial class of Unity.Object, exactly 1 of the partial classes needs to be in a file with the same filename. This is to know the one that can be referenced from ie. GameObjects
Refreshing native plugins compatible for Editor in 1.01 ms, found 3 plugins.
Native extension for Android target not found
Native extension for UWP target not found
Native extension for WindowsStandalone target not found
Assembly reference Packages/com.unity.cinemachine/Editor/Samples/ExposeHDRPInternals/HDRP-Editor-ref.asmref has no target assembly definition
[Package Manager] Failed to launch server process. Reason: Unity was launched with the -noUpm command-line argument
[Package Manager] Unable to send message (not connected to server process).
[Package Manager] Cannot connect to Unity Package Manager local server
Mono: successfully reloaded assembly
- Finished resetting the current domain, in  0.679 seconds
Domain Reload Profiling: 1309ms
	BeginReloadAssembly (182ms)
		ExecutionOrderSort (0ms)
		DisableScriptedObjects (5ms)
		BackupInstance (0ms)
		ReleaseScriptingObjects (0ms)
		CreateAndSetChildDomain (49ms)
	RebuildCommonClasses (31ms)
	RebuildNativeTypeToScriptingClass (10ms)
	initialDomainReloadingComplete (24ms)
	LoadAllAssembliesAndSetupDomain (382ms)
		LoadAssemblies (328ms)
		RebuildTransferFunctionScriptingTraits (0ms)
		AnalyzeDomain (144ms)
			TypeCache.Refresh (5ms)
				TypeCache.ScanAssembly (0ms)
			BuildScriptInfoCaches (128ms)
			ResolveRequiredComponents (7ms)
	FinalizeReload (680ms)
		ReleaseScriptCaches (0ms)
		RebuildScriptCaches (0ms)
		SetupLoadedEditorAssemblies (526ms)
			LogAssemblyErrors (0ms)
			InitializePlatformSupportModulesInManaged (15ms)
			SetLoadedEditorAssemblies (4ms)
			BeforeProcessingInitializeOnLoad (101ms)
			ProcessInitializeOnLoadAttributes (363ms)
			ProcessInitializeOnLoadMethodAttributes (36ms)
			AfterProcessingInitializeOnLoad (8ms)
			EditorAssembliesLoaded (0ms)
		ExecutionOrderSort2 (0ms)
		AwakeInstancesAfterBackupRestoration (9ms)
Refreshing native plugins compatible for Editor in 1.79 ms, found 3 plugins.
Preloading 0 native plugins for Editor in 0.00 ms.
Unloading 2 Unused Serialized files (Serialized files now loaded: 0)
Unloading 4355 unused Assets / (1.6 MB). Loaded Objects now: 4856.
Memory consumption went from 115.7 MB to 114.1 MB.
Total: 12.703800 ms (FindLiveObjects: 0.908600 ms CreateObjectMapping: 1.130400 ms MarkObjects: 8.051400 ms  DeleteObjects: 2.611500 ms)

Prepare: number of updated asset objects reloaded= 0
========================================================================
Received Prepare
Assembly reference Packages/com.unity.cinemachine/Editor/Samples/ExposeHDRPInternals/HDRP-Editor-ref.asmref has no target assembly definition
Assembly reference Packages/com.unity.cinemachine/Editor/Samples/ExposeHDRPInternals/HDRP-Editor-ref.asmref has no target assembly definition
Begin MonoManager ReloadAssembly
- Loaded All Assemblies, in  0.578 seconds
Assembly reference Packages/com.unity.cinemachine/Editor/Samples/ExposeHDRPInternals/HDRP-Editor-ref.asmref has no target assembly definition
'Packages/com.unity.cinemachine/Editor/Obsolete/CinemachineVirtualCameraBaseEditor.cs' contains partial class of Unity.Object, exactly 1 of the partial classes needs to be in a file with the same filename. This is to know the one that can be referenced from ie. GameObjects
'Packages/com.unity.cinemachine/Editor/Editors/CinemachineVirtualCameraBaseEditor.cs' contains partial class of Unity.Object, exactly 1 of the partial classes needs to be in a file with the same filename. This is to know the one that can be referenced from ie. GameObjects
Refreshing native plugins compatible for Editor in 0.93 ms, found 3 plugins.
Native extension for Android target not found
Native extension for UWP target not found
Native extension for WindowsStandalone target not found
Assembly reference Packages/com.unity.cinemachine/Editor/Samples/ExposeHDRPInternals/HDRP-Editor-ref.asmref has no target assembly definition
[Package Manager] Failed to launch server process. Reason: Unity was launched with the -noUpm command-line argument
[Package Manager] Unable to send message (not connected to server process).
[Package Manager] Cannot connect to Unity Package Manager local server
Mono: successfully reloaded assembly
- Finished resetting the current domain, in  0.652 seconds
Domain Reload Profiling: 1229ms
	BeginReloadAssembly (170ms)
		ExecutionOrderSort (0ms)
		DisableScriptedObjects (5ms)
		BackupInstance (0ms)
		ReleaseScriptingObjects (0ms)
		CreateAndSetChildDomain (43ms)
	RebuildCommonClasses (40ms)
	RebuildNativeTypeToScriptingClass (10ms)
	initialDomainReloadingComplete (24ms)
	LoadAllAssembliesAndSetupDomain (333ms)
		LoadAssemblies (285ms)
		RebuildTransferFunctionScriptingTraits (0ms)
		AnalyzeDomain (134ms)
			TypeCache.Refresh (6ms)
				TypeCache.ScanAssembly (0ms)
			BuildScriptInfoCaches (121ms)
			ResolveRequiredComponents (5ms)
	FinalizeReload (653ms)
		ReleaseScriptCaches (0ms)
		RebuildScriptCaches (0ms)
		SetupLoadedEditorAssemblies (515ms)
			LogAssemblyErrors (0ms)
			InitializePlatformSupportModulesInManaged (13ms)
			SetLoadedEditorAssemblies (3ms)
			BeforeProcessingInitializeOnLoad (102ms)
			ProcessInitializeOnLoadAttributes (362ms)
			ProcessInitializeOnLoadMethodAttributes (29ms)
			AfterProcessingInitializeOnLoad (6ms)
			EditorAssembliesLoaded (0ms)
		ExecutionOrderSort2 (0ms)
		AwakeInstancesAfterBackupRestoration (7ms)
Refreshing native plugins compatible for Editor in 1.59 ms, found 3 plugins.
Preloading 0 native plugins for Editor in 0.00 ms.
Unloading 2 Unused Serialized files (Serialized files now loaded: 0)
Unloading 4355 unused Assets / (1.6 MB). Loaded Objects now: 4856.
Memory consumption went from 115.7 MB to 114.2 MB.
Total: 13.929000 ms (FindLiveObjects: 0.846500 ms CreateObjectMapping: 1.390500 ms MarkObjects: 8.770600 ms  DeleteObjects: 2.919900 ms)

Prepare: number of updated asset objects reloaded= 0
========================================================================
Received Prepare
Assembly reference Packages/com.unity.cinemachine/Editor/Samples/ExposeHDRPInternals/HDRP-Editor-ref.asmref has no target assembly definition
Assembly reference Packages/com.unity.cinemachine/Editor/Samples/ExposeHDRPInternals/HDRP-Editor-ref.asmref has no target assembly definition
Begin MonoManager ReloadAssembly
- Loaded All Assemblies, in  0.595 seconds
Assembly reference Packages/com.unity.cinemachine/Editor/Samples/ExposeHDRPInternals/HDRP-Editor-ref.asmref has no target assembly definition
'Packages/com.unity.cinemachine/Editor/Obsolete/CinemachineVirtualCameraBaseEditor.cs' contains partial class of Unity.Object, exactly 1 of the partial classes needs to be in a file with the same filename. This is to know the one that can be referenced from ie. GameObjects
'Packages/com.unity.cinemachine/Editor/Editors/CinemachineVirtualCameraBaseEditor.cs' contains partial class of Unity.Object, exactly 1 of the partial classes needs to be in a file with the same filename. This is to know the one that can be referenced from ie. GameObjects
Refreshing native plugins compatible for Editor in 0.99 ms, found 3 plugins.
Native extension for Android target not found
Native extension for UWP target not found
Native extension for WindowsStandalone target not found
Assembly reference Packages/com.unity.cinemachine/Editor/Samples/ExposeHDRPInternals/HDRP-Editor-ref.asmref has no target assembly definition
[Package Manager] Failed to launch server process. Reason: Unity was launched with the -noUpm command-line argument
[Package Manager] Unable to send message (not connected to server process).
[Package Manager] Cannot connect to Unity Package Manager local server
Mono: successfully reloaded assembly
- Finished resetting the current domain, in  0.609 seconds
Domain Reload Profiling: 1205ms
	BeginReloadAssembly (179ms)
		ExecutionOrderSort (0ms)
		DisableScriptedObjects (5ms)
		BackupInstance (0ms)
		ReleaseScriptingObjects (0ms)
		CreateAndSetChildDomain (45ms)
	RebuildCommonClasses (31ms)
	RebuildNativeTypeToScriptingClass (11ms)
	initialDomainReloadingComplete (25ms)
	LoadAllAssembliesAndSetupDomain (349ms)
		LoadAssemblies (297ms)
		RebuildTransferFunctionScriptingTraits (0ms)
		AnalyzeDomain (145ms)
			TypeCache.Refresh (6ms)
				TypeCache.ScanAssembly (0ms)
			BuildScriptInfoCaches (130ms)
			ResolveRequiredComponents (5ms)
	FinalizeReload (610ms)
		ReleaseScriptCaches (0ms)
		RebuildScriptCaches (0ms)
		SetupLoadedEditorAssemblies (471ms)
			LogAssemblyErrors (0ms)
			InitializePlatformSupportModulesInManaged (14ms)
			SetLoadedEditorAssemblies (3ms)
			BeforeProcessingInitializeOnLoad (92ms)
			ProcessInitializeOnLoadAttributes (328ms)
			ProcessInitializeOnLoadMethodAttributes (28ms)
			AfterProcessingInitializeOnLoad (5ms)
			EditorAssembliesLoaded (0ms)
		ExecutionOrderSort2 (0ms)
		AwakeInstancesAfterBackupRestoration (7ms)
Refreshing native plugins compatible for Editor in 1.99 ms, found 3 plugins.
Preloading 0 native plugins for Editor in 0.00 ms.
Unloading 2 Unused Serialized files (Serialized files now loaded: 0)
Unloading 4355 unused Assets / (1.7 MB). Loaded Objects now: 4856.
Memory consumption went from 115.7 MB to 114.0 MB.
Total: 13.136200 ms (FindLiveObjects: 0.939000 ms CreateObjectMapping: 0.958000 ms MarkObjects: 7.971800 ms  DeleteObjects: 3.265500 ms)

Prepare: number of updated asset objects reloaded= 0
========================================================================
Received Prepare
Assembly reference Packages/com.unity.cinemachine/Editor/Samples/ExposeHDRPInternals/HDRP-Editor-ref.asmref has no target assembly definition
Assembly reference Packages/com.unity.cinemachine/Editor/Samples/ExposeHDRPInternals/HDRP-Editor-ref.asmref has no target assembly definition
Begin MonoManager ReloadAssembly
- Loaded All Assemblies, in  0.578 seconds
Assembly reference Packages/com.unity.cinemachine/Editor/Samples/ExposeHDRPInternals/HDRP-Editor-ref.asmref has no target assembly definition
'Packages/com.unity.cinemachine/Editor/Obsolete/CinemachineVirtualCameraBaseEditor.cs' contains partial class of Unity.Object, exactly 1 of the partial classes needs to be in a file with the same filename. This is to know the one that can be referenced from ie. GameObjects
'Packages/com.unity.cinemachine/Editor/Editors/CinemachineVirtualCameraBaseEditor.cs' contains partial class of Unity.Object, exactly 1 of the partial classes needs to be in a file with the same filename. This is to know the one that can be referenced from ie. GameObjects
Refreshing native plugins compatible for Editor in 0.88 ms, found 3 plugins.
Native extension for Android target not found
Native extension for UWP target not found
Native extension for WindowsStandalone target not found
Assembly reference Packages/com.unity.cinemachine/Editor/Samples/ExposeHDRPInternals/HDRP-Editor-ref.asmref has no target assembly definition
[Package Manager] Failed to launch server process. Reason: Unity was launched with the -noUpm command-line argument
[Package Manager] Unable to send message (not connected to server process).
[Package Manager] Cannot connect to Unity Package Manager local server
Mono: successfully reloaded assembly
- Finished resetting the current domain, in  0.568 seconds
Domain Reload Profiling: 1147ms
	BeginReloadAssembly (170ms)
		ExecutionOrderSort (0ms)
		DisableScriptedObjects (5ms)
		BackupInstance (0ms)
		ReleaseScriptingObjects (0ms)
		CreateAndSetChildDomain (44ms)
	RebuildCommonClasses (42ms)
	RebuildNativeTypeToScriptingClass (10ms)
	initialDomainReloadingComplete (25ms)
	LoadAllAssembliesAndSetupDomain (330ms)
		LoadAssemblies (279ms)
		RebuildTransferFunctionScriptingTraits (0ms)
		AnalyzeDomain (137ms)
			TypeCache.Refresh (5ms)
				TypeCache.ScanAssembly (0ms)
			BuildScriptInfoCaches (124ms)
			ResolveRequiredComponents (5ms)
	FinalizeReload (569ms)
		ReleaseScriptCaches (0ms)
		RebuildScriptCaches (0ms)
		SetupLoadedEditorAssemblies (449ms)
			LogAssemblyErrors (0ms)
			InitializePlatformSupportModulesInManaged (12ms)
			SetLoadedEditorAssemblies (3ms)
			BeforeProcessingInitializeOnLoad (86ms)
			ProcessInitializeOnLoadAttributes (316ms)
			ProcessInitializeOnLoadMethodAttributes (26ms)
			AfterProcessingInitializeOnLoad (6ms)
			EditorAssembliesLoaded (0ms)
		ExecutionOrderSort2 (0ms)
		AwakeInstancesAfterBackupRestoration (8ms)
Refreshing native plugins compatible for Editor in 1.61 ms, found 3 plugins.
Preloading 0 native plugins for Editor in 0.00 ms.
Unloading 2 Unused Serialized files (Serialized files now loaded: 0)
Unloading 4355 unused Assets / (1.7 MB). Loaded Objects now: 4856.
Memory consumption went from 115.7 MB to 114.1 MB.
Total: 13.412000 ms (FindLiveObjects: 0.740000 ms CreateObjectMapping: 0.948500 ms MarkObjects: 8.597300 ms  DeleteObjects: 3.124400 ms)

Prepare: number of updated asset objects reloaded= 0
========================================================================
Received Prepare
Assembly reference Packages/com.unity.cinemachine/Editor/Samples/ExposeHDRPInternals/HDRP-Editor-ref.asmref has no target assembly definition
Assembly reference Packages/com.unity.cinemachine/Editor/Samples/ExposeHDRPInternals/HDRP-Editor-ref.asmref has no target assembly definition
Begin MonoManager ReloadAssembly
- Loaded All Assemblies, in  0.585 seconds
Assembly reference Packages/com.unity.cinemachine/Editor/Samples/ExposeHDRPInternals/HDRP-Editor-ref.asmref has no target assembly definition
'Packages/com.unity.cinemachine/Editor/Obsolete/CinemachineVirtualCameraBaseEditor.cs' contains partial class of Unity.Object, exactly 1 of the partial classes needs to be in a file with the same filename. This is to know the one that can be referenced from ie. GameObjects
'Packages/com.unity.cinemachine/Editor/Editors/CinemachineVirtualCameraBaseEditor.cs' contains partial class of Unity.Object, exactly 1 of the partial classes needs to be in a file with the same filename. This is to know the one that can be referenced from ie. GameObjects
Refreshing native plugins compatible for Editor in 0.98 ms, found 3 plugins.
Native extension for Android target not found
Native extension for UWP target not found
Native extension for WindowsStandalone target not found
Assembly reference Packages/com.unity.cinemachine/Editor/Samples/ExposeHDRPInternals/HDRP-Editor-ref.asmref has no target assembly definition
[Package Manager] Failed to launch server process. Reason: Unity was launched with the -noUpm command-line argument
[Package Manager] Unable to send message (not connected to server process).
[Package Manager] Cannot connect to Unity Package Manager local server
Mono: successfully reloaded assembly
- Finished resetting the current domain, in  0.639 seconds
Domain Reload Profiling: 1224ms
	BeginReloadAssembly (180ms)
		ExecutionOrderSort (0ms)
		DisableScriptedObjects (5ms)
		BackupInstance (0ms)
		ReleaseScriptingObjects (0ms)
		CreateAndSetChildDomain (44ms)
	RebuildCommonClasses (34ms)
	RebuildNativeTypeToScriptingClass (11ms)
	initialDomainReloadingComplete (25ms)
	LoadAllAssembliesAndSetupDomain (334ms)
		LoadAssemblies (289ms)
		RebuildTransferFunctionScriptingTraits (0ms)
		AnalyzeDomain (140ms)
			TypeCache.Refresh (5ms)
				TypeCache.ScanAssembly (0ms)
			BuildScriptInfoCaches (127ms)
			ResolveRequiredComponents (5ms)
	FinalizeReload (640ms)
		ReleaseScriptCaches (0ms)
		RebuildScriptCaches (0ms)
		SetupLoadedEditorAssemblies (507ms)
			LogAssemblyErrors (0ms)
			InitializePlatformSupportModulesInManaged (11ms)
			SetLoadedEditorAssemblies (3ms)
			BeforeProcessingInitializeOnLoad (87ms)
			ProcessInitializeOnLoadAttributes (364ms)
			ProcessInitializeOnLoadMethodAttributes (34ms)
			AfterProcessingInitializeOnLoad (7ms)
			EditorAssembliesLoaded (0ms)
		ExecutionOrderSort2 (0ms)
		AwakeInstancesAfterBackupRestoration (8ms)
Refreshing native plugins compatible for Editor in 1.75 ms, found 3 plugins.
Preloading 0 native plugins for Editor in 0.00 ms.
Unloading 2 Unused Serialized files (Serialized files now loaded: 0)
Unloading 4355 unused Assets / (2.4 MB). Loaded Objects now: 4856.
Memory consumption went from 115.8 MB to 113.4 MB.
Total: 16.011400 ms (FindLiveObjects: 0.854700 ms CreateObjectMapping: 1.256300 ms MarkObjects: 8.862300 ms  DeleteObjects: 5.033800 ms)

Prepare: number of updated asset objects reloaded= 0
========================================================================
Received Prepare
Assembly reference Packages/com.unity.cinemachine/Editor/Samples/ExposeHDRPInternals/HDRP-Editor-ref.asmref has no target assembly definition
Assembly reference Packages/com.unity.cinemachine/Editor/Samples/ExposeHDRPInternals/HDRP-Editor-ref.asmref has no target assembly definition
Begin MonoManager ReloadAssembly
- Loaded All Assemblies, in  0.613 seconds
Assembly reference Packages/com.unity.cinemachine/Editor/Samples/ExposeHDRPInternals/HDRP-Editor-ref.asmref has no target assembly definition
'Packages/com.unity.cinemachine/Editor/Obsolete/CinemachineVirtualCameraBaseEditor.cs' contains partial class of Unity.Object, exactly 1 of the partial classes needs to be in a file with the same filename. This is to know the one that can be referenced from ie. GameObjects
'Packages/com.unity.cinemachine/Editor/Editors/CinemachineVirtualCameraBaseEditor.cs' contains partial class of Unity.Object, exactly 1 of the partial classes needs to be in a file with the same filename. This is to know the one that can be referenced from ie. GameObjects
Refreshing native plugins compatible for Editor in 1.03 ms, found 3 plugins.
Native extension for Android target not found
Native extension for UWP target not found
Native extension for WindowsStandalone target not found
Assembly reference Packages/com.unity.cinemachine/Editor/Samples/ExposeHDRPInternals/HDRP-Editor-ref.asmref has no target assembly definition
[Package Manager] Failed to launch server process. Reason: Unity was launched with the -noUpm command-line argument
[Package Manager] Unable to send message (not connected to server process).
[Package Manager] Cannot connect to Unity Package Manager local server
Mono: successfully reloaded assembly
- Finished resetting the current domain, in  0.654 seconds
Domain Reload Profiling: 1267ms
	BeginReloadAssembly (179ms)
		ExecutionOrderSort (0ms)
		DisableScriptedObjects (6ms)
		BackupInstance (0ms)
		ReleaseScriptingObjects (0ms)
		CreateAndSetChildDomain (45ms)
	RebuildCommonClasses (34ms)
	RebuildNativeTypeToScriptingClass (10ms)
	initialDomainReloadingComplete (28ms)
	LoadAllAssembliesAndSetupDomain (361ms)
		LoadAssemblies (295ms)
		RebuildTransferFunctionScriptingTraits (0ms)
		AnalyzeDomain (155ms)
			TypeCache.Refresh (6ms)
				TypeCache.ScanAssembly (0ms)
			BuildScriptInfoCaches (141ms)
			ResolveRequiredComponents (5ms)
	FinalizeReload (655ms)
		ReleaseScriptCaches (0ms)
		RebuildScriptCaches (0ms)
		SetupLoadedEditorAssemblies (520ms)
			LogAssemblyErrors (0ms)
			InitializePlatformSupportModulesInManaged (12ms)
			SetLoadedEditorAssemblies (3ms)
			BeforeProcessingInitializeOnLoad (95ms)
			ProcessInitializeOnLoadAttributes (371ms)
			ProcessInitializeOnLoadMethodAttributes (33ms)
			AfterProcessingInitializeOnLoad (6ms)
			EditorAssembliesLoaded (0ms)
		ExecutionOrderSort2 (0ms)
		AwakeInstancesAfterBackupRestoration (8ms)
Refreshing native plugins compatible for Editor in 2.25 ms, found 3 plugins.
Preloading 0 native plugins for Editor in 0.00 ms.
Unloading 2 Unused Serialized files (Serialized files now loaded: 0)
Unloading 4355 unused Assets / (1.8 MB). Loaded Objects now: 4856.
Memory consumption went from 115.7 MB to 113.9 MB.
Total: 14.929800 ms (FindLiveObjects: 1.078700 ms CreateObjectMapping: 1.250900 ms MarkObjects: 9.179800 ms  DeleteObjects: 3.418100 ms)

Prepare: number of updated asset objects reloaded= 0
========================================================================
Received Prepare
Assembly reference Packages/com.unity.cinemachine/Editor/Samples/ExposeHDRPInternals/HDRP-Editor-ref.asmref has no target assembly definition
Assembly reference Packages/com.unity.cinemachine/Editor/Samples/ExposeHDRPInternals/HDRP-Editor-ref.asmref has no target assembly definition
Begin MonoManager ReloadAssembly
- Loaded All Assemblies, in  0.563 seconds
Assembly reference Packages/com.unity.cinemachine/Editor/Samples/ExposeHDRPInternals/HDRP-Editor-ref.asmref has no target assembly definition
'Packages/com.unity.cinemachine/Editor/Obsolete/CinemachineVirtualCameraBaseEditor.cs' contains partial class of Unity.Object, exactly 1 of the partial classes needs to be in a file with the same filename. This is to know the one that can be referenced from ie. GameObjects
'Packages/com.unity.cinemachine/Editor/Editors/CinemachineVirtualCameraBaseEditor.cs' contains partial class of Unity.Object, exactly 1 of the partial classes needs to be in a file with the same filename. This is to know the one that can be referenced from ie. GameObjects
Refreshing native plugins compatible for Editor in 1.02 ms, found 3 plugins.
Native extension for Android target not found
Native extension for UWP target not found
Native extension for WindowsStandalone target not found
Assembly reference Packages/com.unity.cinemachine/Editor/Samples/ExposeHDRPInternals/HDRP-Editor-ref.asmref has no target assembly definition
[Package Manager] Failed to launch server process. Reason: Unity was launched with the -noUpm command-line argument
[Package Manager] Unable to send message (not connected to server process).
[Package Manager] Cannot connect to Unity Package Manager local server
Mono: successfully reloaded assembly
- Finished resetting the current domain, in  0.610 seconds
Domain Reload Profiling: 1174ms
	BeginReloadAssembly (174ms)
		ExecutionOrderSort (0ms)
		DisableScriptedObjects (5ms)
		BackupInstance (0ms)
		ReleaseScriptingObjects (0ms)
		CreateAndSetChildDomain (43ms)
	RebuildCommonClasses (32ms)
	RebuildNativeTypeToScriptingClass (11ms)
	initialDomainReloadingComplete (24ms)
	LoadAllAssembliesAndSetupDomain (323ms)
		LoadAssemblies (273ms)
		RebuildTransferFunctionScriptingTraits (0ms)
		AnalyzeDomain (137ms)
			TypeCache.Refresh (5ms)
				TypeCache.ScanAssembly (0ms)
			BuildScriptInfoCaches (123ms)
			ResolveRequiredComponents (5ms)
	FinalizeReload (611ms)
		ReleaseScriptCaches (0ms)
		RebuildScriptCaches (0ms)
		SetupLoadedEditorAssemblies (493ms)
			LogAssemblyErrors (0ms)
			InitializePlatformSupportModulesInManaged (12ms)
			SetLoadedEditorAssemblies (3ms)
			BeforeProcessingInitializeOnLoad (87ms)
			ProcessInitializeOnLoadAttributes (356ms)
			ProcessInitializeOnLoadMethodAttributes (29ms)
			AfterProcessingInitializeOnLoad (6ms)
			EditorAssembliesLoaded (0ms)
		ExecutionOrderSort2 (0ms)
		AwakeInstancesAfterBackupRestoration (6ms)
Refreshing native plugins compatible for Editor in 1.71 ms, found 3 plugins.
Preloading 0 native plugins for Editor in 0.00 ms.
Unloading 2 Unused Serialized files (Serialized files now loaded: 0)
Unloading 4355 unused Assets / (1.7 MB). Loaded Objects now: 4856.
Memory consumption went from 115.8 MB to 114.1 MB.
Total: 12.174500 ms (FindLiveObjects: 0.874100 ms CreateObjectMapping: 0.946000 ms MarkObjects: 7.580100 ms  DeleteObjects: 2.772400 ms)

Prepare: number of updated asset objects reloaded= 0
========================================================================
Received Prepare
Assembly reference Packages/com.unity.cinemachine/Editor/Samples/ExposeHDRPInternals/HDRP-Editor-ref.asmref has no target assembly definition
Assembly reference Packages/com.unity.cinemachine/Editor/Samples/ExposeHDRPInternals/HDRP-Editor-ref.asmref has no target assembly definition
Begin MonoManager ReloadAssembly
- Loaded All Assemblies, in  0.599 seconds
Assembly reference Packages/com.unity.cinemachine/Editor/Samples/ExposeHDRPInternals/HDRP-Editor-ref.asmref has no target assembly definition
'Packages/com.unity.cinemachine/Editor/Obsolete/CinemachineVirtualCameraBaseEditor.cs' contains partial class of Unity.Object, exactly 1 of the partial classes needs to be in a file with the same filename. This is to know the one that can be referenced from ie. GameObjects
'Packages/com.unity.cinemachine/Editor/Editors/CinemachineVirtualCameraBaseEditor.cs' contains partial class of Unity.Object, exactly 1 of the partial classes needs to be in a file with the same filename. This is to know the one that can be referenced from ie. GameObjects
Refreshing native plugins compatible for Editor in 1.07 ms, found 3 plugins.
Native extension for Android target not found
Native extension for UWP target not found
Native extension for WindowsStandalone target not found
Assembly reference Packages/com.unity.cinemachine/Editor/Samples/ExposeHDRPInternals/HDRP-Editor-ref.asmref has no target assembly definition
[Package Manager] Failed to launch server process. Reason: Unity was launched with the -noUpm command-line argument
[Package Manager] Unable to send message (not connected to server process).
[Package Manager] Cannot connect to Unity Package Manager local server
Mono: successfully reloaded assembly
- Finished resetting the current domain, in  0.665 seconds
Domain Reload Profiling: 1264ms
	BeginReloadAssembly (179ms)
		ExecutionOrderSort (0ms)
		DisableScriptedObjects (5ms)
		BackupInstance (0ms)
		ReleaseScriptingObjects (0ms)
		CreateAndSetChildDomain (46ms)
	RebuildCommonClasses (36ms)
	RebuildNativeTypeToScriptingClass (11ms)
	initialDomainReloadingComplete (26ms)
	LoadAllAssembliesAndSetupDomain (346ms)
		LoadAssemblies (289ms)
		RebuildTransferFunctionScriptingTraits (0ms)
		AnalyzeDomain (148ms)
			TypeCache.Refresh (6ms)
				TypeCache.ScanAssembly (0ms)
			BuildScriptInfoCaches (133ms)
			ResolveRequiredComponents (6ms)
	FinalizeReload (666ms)
		ReleaseScriptCaches (0ms)
		RebuildScriptCaches (0ms)
		SetupLoadedEditorAssemblies (508ms)
			LogAssemblyErrors (0ms)
			InitializePlatformSupportModulesInManaged (15ms)
			SetLoadedEditorAssemblies (3ms)
			BeforeProcessingInitializeOnLoad (93ms)
			ProcessInitializeOnLoadAttributes (363ms)
			ProcessInitializeOnLoadMethodAttributes (28ms)
			AfterProcessingInitializeOnLoad (6ms)
			EditorAssembliesLoaded (0ms)
		ExecutionOrderSort2 (0ms)
		AwakeInstancesAfterBackupRestoration (8ms)
Refreshing native plugins compatible for Editor in 1.91 ms, found 3 plugins.
Preloading 0 native plugins for Editor in 0.00 ms.
Unloading 2 Unused Serialized files (Serialized files now loaded: 0)
Unloading 4355 unused Assets / (1.9 MB). Loaded Objects now: 4856.
Memory consumption went from 115.8 MB to 113.9 MB.
Total: 14.483300 ms (FindLiveObjects: 0.829400 ms CreateObjectMapping: 1.041100 ms MarkObjects: 8.259000 ms  DeleteObjects: 4.351600 ms)

Prepare: number of updated asset objects reloaded= 0
========================================================================
Received Import Request.
  Time since last request: 2864.776604 seconds.
  path: Assets
  artifactKey: Guid(00000000000000001000000000000000) Importer(815301076,1909f56bfc062723c751e8b465ee728b)
Start importing Assets using Guid(00000000000000001000000000000000) Importer(815301076,1909f56bfc062723c751e8b465ee728b) (PreviewImporter) -> (artifact id: 'c391582d739b6e62a5220f35cbb167ac') in 0.0297795 seconds
Number of updated asset objects reloaded before import = 0Number of asset objects unloaded after import = 0

========================================================================
Received Import Request.
  Time since last request: 7.713616 seconds.
  path: Assets/Scripts
  artifactKey: Guid(956bec5e3bb1b1b42b330a3de78ec7bc) Importer(815301076,1909f56bfc062723c751e8b465ee728b)
Start importing Assets/Scripts using Guid(956bec5e3bb1b1b42b330a3de78ec7bc) Importer(815301076,1909f56bfc062723c751e8b465ee728b) (PreviewImporter) -> (artifact id: '19b616fb243f5629f128645d134a020b') in 0.0008849 seconds
Number of updated asset objects reloaded before import = 0Number of asset objects unloaded after import = 0

========================================================================
Received Prepare
'Packages/com.unity.cinemachine/Editor/Obsolete/CinemachineVirtualCameraBaseEditor.cs' contains partial class of Unity.Object, exactly 1 of the partial classes needs to be in a file with the same filename. This is to know the one that can be referenced from ie. GameObjects
'Packages/com.unity.cinemachine/Editor/Editors/CinemachineVirtualCameraBaseEditor.cs' contains partial class of Unity.Object, exactly 1 of the partial classes needs to be in a file with the same filename. This is to know the one that can be referenced from ie. GameObjects
Refreshing native plugins compatible for Editor in 1.82 ms, found 3 plugins.
Preloading 0 native plugins for Editor in 0.00 ms.
Unloading 2 Unused Serialized files (Serialized files now loaded: 0)
Unloading 4349 unused Assets / (1.5 MB). Loaded Objects now: 4857.
Memory consumption went from 115.9 MB to 114.5 MB.
Total: 14.178100 ms (FindLiveObjects: 0.950000 ms CreateObjectMapping: 0.935200 ms MarkObjects: 9.842600 ms  DeleteObjects: 2.447100 ms)

Prepare: number of updated asset objects reloaded= 0
========================================================================
Received Import Request.
  Time since last request: 32.560629 seconds.
  path: Assets/Scripts/PlayerCarControler.cs
  artifactKey: Guid(39930b0c4be032e49891f6aed745bede) Importer(815301076,1909f56bfc062723c751e8b465ee728b)
Start importing Assets/Scripts/PlayerCarControler.cs using Guid(39930b0c4be032e49891f6aed745bede) Importer(815301076,1909f56bfc062723c751e8b465ee728b) (PreviewImporter) -> (artifact id: '1987dd53d2de4d3901b583a20b8864c2') in 0.0024148 seconds
Number of updated asset objects reloaded before import = 0Number of asset objects unloaded after import = 0

========================================================================
Received Prepare
Assembly reference Packages/com.unity.cinemachine/Editor/Samples/ExposeHDRPInternals/HDRP-Editor-ref.asmref has no target assembly definition
Assembly reference Packages/com.unity.cinemachine/Editor/Samples/ExposeHDRPInternals/HDRP-Editor-ref.asmref has no target assembly definition
Begin MonoManager ReloadAssembly
- Loaded All Assemblies, in  1.103 seconds
Assembly reference Packages/com.unity.cinemachine/Editor/Samples/ExposeHDRPInternals/HDRP-Editor-ref.asmref has no target assembly definition
'Packages/com.unity.cinemachine/Editor/Obsolete/CinemachineVirtualCameraBaseEditor.cs' contains partial class of Unity.Object, exactly 1 of the partial classes needs to be in a file with the same filename. This is to know the one that can be referenced from ie. GameObjects
'Packages/com.unity.cinemachine/Editor/Editors/CinemachineVirtualCameraBaseEditor.cs' contains partial class of Unity.Object, exactly 1 of the partial classes needs to be in a file with the same filename. This is to know the one that can be referenced from ie. GameObjects
Refreshing native plugins compatible for Editor in 1.11 ms, found 3 plugins.
Native extension for Android target not found
Native extension for UWP target not found
Native extension for WindowsStandalone target not found
Assembly reference Packages/com.unity.cinemachine/Editor/Samples/ExposeHDRPInternals/HDRP-Editor-ref.asmref has no target assembly definition
[Package Manager] Failed to launch server process. Reason: Unity was launched with the -noUpm command-line argument
[Package Manager] Unable to send message (not connected to server process).
[Package Manager] Cannot connect to Unity Package Manager local server
Mono: successfully reloaded assembly
- Finished resetting the current domain, in  0.950 seconds
Domain Reload Profiling: 2052ms
	BeginReloadAssembly (356ms)
		ExecutionOrderSort (0ms)
		DisableScriptedObjects (9ms)
		BackupInstance (0ms)
		ReleaseScriptingObjects (0ms)
		CreateAndSetChildDomain (95ms)
	RebuildCommonClasses (94ms)
	RebuildNativeTypeToScriptingClass (22ms)
	initialDomainReloadingComplete (46ms)
	LoadAllAssembliesAndSetupDomain (583ms)
		LoadAssemblies (551ms)
		RebuildTransferFunctionScriptingTraits (0ms)
		AnalyzeDomain (229ms)
			TypeCache.Refresh (11ms)
				TypeCache.ScanAssembly (0ms)
			BuildScriptInfoCaches (203ms)
			ResolveRequiredComponents (9ms)
	FinalizeReload (951ms)
		ReleaseScriptCaches (0ms)
		RebuildScriptCaches (0ms)
		SetupLoadedEditorAssemblies (730ms)
			LogAssemblyErrors (0ms)
			InitializePlatformSupportModulesInManaged (18ms)
			SetLoadedEditorAssemblies (5ms)
			BeforeProcessingInitializeOnLoad (153ms)
			ProcessInitializeOnLoadAttributes (503ms)
			ProcessInitializeOnLoadMethodAttributes (44ms)
			AfterProcessingInitializeOnLoad (7ms)
			EditorAssembliesLoaded (0ms)
		ExecutionOrderSort2 (0ms)
		AwakeInstancesAfterBackupRestoration (7ms)
Refreshing native plugins compatible for Editor in 1.76 ms, found 3 plugins.
Preloading 0 native plugins for Editor in 0.00 ms.
Unloading 2 Unused Serialized files (Serialized files now loaded: 0)
Unloading 4356 unused Assets / (1.7 MB). Loaded Objects now: 4857.
Memory consumption went from 115.8 MB to 114.1 MB.
Total: 15.822000 ms (FindLiveObjects: 1.048000 ms CreateObjectMapping: 1.202000 ms MarkObjects: 10.416300 ms  DeleteObjects: 3.153300 ms)

Prepare: number of updated asset objects reloaded= 0
========================================================================
Received Prepare
Assembly reference Packages/com.unity.cinemachine/Editor/Samples/ExposeHDRPInternals/HDRP-Editor-ref.asmref has no target assembly definition
Assembly reference Packages/com.unity.cinemachine/Editor/Samples/ExposeHDRPInternals/HDRP-Editor-ref.asmref has no target assembly definition
Begin MonoManager ReloadAssembly
Symbol file LoadedFromMemory is not a mono symbol file
- Loaded All Assemblies, in  1.032 seconds
Assembly reference Packages/com.unity.cinemachine/Editor/Samples/ExposeHDRPInternals/HDRP-Editor-ref.asmref has no target assembly definition
'Packages/com.unity.cinemachine/Editor/Obsolete/CinemachineVirtualCameraBaseEditor.cs' contains partial class of Unity.Object, exactly 1 of the partial classes needs to be in a file with the same filename. This is to know the one that can be referenced from ie. GameObjects
'Packages/com.unity.cinemachine/Editor/Editors/CinemachineVirtualCameraBaseEditor.cs' contains partial class of Unity.Object, exactly 1 of the partial classes needs to be in a file with the same filename. This is to know the one that can be referenced from ie. GameObjects
Refreshing native plugins compatible for Editor in 1.54 ms, found 3 plugins.
Native extension for Android target not found
Native extension for UWP target not found
Native extension for WindowsStandalone target not found
Assembly reference Packages/com.unity.cinemachine/Editor/Samples/ExposeHDRPInternals/HDRP-Editor-ref.asmref has no target assembly definition
[Package Manager] Failed to launch server process. Reason: Unity was launched with the -noUpm command-line argument
[Package Manager] Unable to send message (not connected to server process).
[Package Manager] Cannot connect to Unity Package Manager local server
Mono: successfully reloaded assembly
- Finished resetting the current domain, in  0.922 seconds
Domain Reload Profiling: 1953ms
	BeginReloadAssembly (268ms)
		ExecutionOrderSort (0ms)
		DisableScriptedObjects (7ms)
		BackupInstance (0ms)
		ReleaseScriptingObjects (0ms)
		CreateAndSetChildDomain (56ms)
	RebuildCommonClasses (62ms)
	RebuildNativeTypeToScriptingClass (24ms)
	initialDomainReloadingComplete (39ms)
	LoadAllAssembliesAndSetupDomain (637ms)
		LoadAssemblies (467ms)
		RebuildTransferFunctionScriptingTraits (0ms)
		AnalyzeDomain (321ms)
			TypeCache.Refresh (150ms)
				TypeCache.ScanAssembly (132ms)
			BuildScriptInfoCaches (162ms)
			ResolveRequiredComponents (6ms)
	FinalizeReload (922ms)
		ReleaseScriptCaches (0ms)
		RebuildScriptCaches (0ms)
		SetupLoadedEditorAssemblies (746ms)
			LogAssemblyErrors (0ms)
			InitializePlatformSupportModulesInManaged (16ms)
			SetLoadedEditorAssemblies (9ms)
			BeforeProcessingInitializeOnLoad (150ms)
			ProcessInitializeOnLoadAttributes (519ms)
			ProcessInitializeOnLoadMethodAttributes (40ms)
			AfterProcessingInitializeOnLoad (11ms)
			EditorAssembliesLoaded (0ms)
		ExecutionOrderSort2 (0ms)
		AwakeInstancesAfterBackupRestoration (7ms)
Refreshing native plugins compatible for Editor in 2.11 ms, found 3 plugins.
Preloading 0 native plugins for Editor in 0.00 ms.
Unloading 2 Unused Serialized files (Serialized files now loaded: 0)
Unloading 4403 unused Assets / (1.5 MB). Loaded Objects now: 4890.
Memory consumption went from 116.6 MB to 115.2 MB.
Total: 14.910100 ms (FindLiveObjects: 1.002200 ms CreateObjectMapping: 0.836700 ms MarkObjects: 10.466400 ms  DeleteObjects: 2.603100 ms)

Prepare: number of updated asset objects reloaded= 0
========================================================================
Received Prepare
'Packages/com.unity.cinemachine/Editor/Obsolete/CinemachineVirtualCameraBaseEditor.cs' contains partial class of Unity.Object, exactly 1 of the partial classes needs to be in a file with the same filename. This is to know the one that can be referenced from ie. GameObjects
'Packages/com.unity.cinemachine/Editor/Editors/CinemachineVirtualCameraBaseEditor.cs' contains partial class of Unity.Object, exactly 1 of the partial classes needs to be in a file with the same filename. This is to know the one that can be referenced from ie. GameObjects
Refreshing native plugins compatible for Editor in 1.71 ms, found 3 plugins.
Preloading 0 native plugins for Editor in 0.00 ms.
Unloading 2 Unused Serialized files (Serialized files now loaded: 0)
Unloading 4395 unused Assets / (1.7 MB). Loaded Objects now: 4889.
Memory consumption went from 116.8 MB to 115.1 MB.
Total: 12.824400 ms (FindLiveObjects: 0.832400 ms CreateObjectMapping: 1.227800 ms MarkObjects: 7.676500 ms  DeleteObjects: 3.085900 ms)

Prepare: number of updated asset objects reloaded= 0
========================================================================
Received Prepare
Assembly reference Packages/com.unity.cinemachine/Editor/Samples/ExposeHDRPInternals/HDRP-Editor-ref.asmref has no target assembly definition
Assembly reference Packages/com.unity.cinemachine/Editor/Samples/ExposeHDRPInternals/HDRP-Editor-ref.asmref has no target assembly definition
Begin MonoManager ReloadAssembly
Symbol file LoadedFromMemory is not a mono symbol file
- Loaded All Assemblies, in  0.860 seconds
Assembly reference Packages/com.unity.cinemachine/Editor/Samples/ExposeHDRPInternals/HDRP-Editor-ref.asmref has no target assembly definition
'Packages/com.unity.cinemachine/Editor/Obsolete/CinemachineVirtualCameraBaseEditor.cs' contains partial class of Unity.Object, exactly 1 of the partial classes needs to be in a file with the same filename. This is to know the one that can be referenced from ie. GameObjects
'Packages/com.unity.cinemachine/Editor/Editors/CinemachineVirtualCameraBaseEditor.cs' contains partial class of Unity.Object, exactly 1 of the partial classes needs to be in a file with the same filename. This is to know the one that can be referenced from ie. GameObjects
Refreshing native plugins compatible for Editor in 1.86 ms, found 3 plugins.
Native extension for Android target not found
Native extension for UWP target not found
Native extension for WindowsStandalone target not found
Assembly reference Packages/com.unity.cinemachine/Editor/Samples/ExposeHDRPInternals/HDRP-Editor-ref.asmref has no target assembly definition
[Package Manager] Failed to launch server process. Reason: Unity was launched with the -noUpm command-line argument
[Package Manager] Unable to send message (not connected to server process).
[Package Manager] Cannot connect to Unity Package Manager local server
Mono: successfully reloaded assembly
- Finished resetting the current domain, in  0.867 seconds
Domain Reload Profiling: 1726ms
	BeginReloadAssembly (249ms)
		ExecutionOrderSort (0ms)
		DisableScriptedObjects (9ms)
		BackupInstance (0ms)
		ReleaseScriptingObjects (0ms)
		CreateAndSetChildDomain (50ms)
	RebuildCommonClasses (39ms)
	RebuildNativeTypeToScriptingClass (20ms)
	initialDomainReloadingComplete (44ms)
	LoadAllAssembliesAndSetupDomain (507ms)
		LoadAssemblies (415ms)
		RebuildTransferFunctionScriptingTraits (0ms)
		AnalyzeDomain (234ms)
			TypeCache.Refresh (11ms)
				TypeCache.ScanAssembly (2ms)
			BuildScriptInfoCaches (210ms)
			ResolveRequiredComponents (9ms)
	FinalizeReload (867ms)
		ReleaseScriptCaches (0ms)
		RebuildScriptCaches (0ms)
		SetupLoadedEditorAssemblies (716ms)
			LogAssemblyErrors (0ms)
			InitializePlatformSupportModulesInManaged (20ms)
			SetLoadedEditorAssemblies (9ms)
			BeforeProcessingInitializeOnLoad (143ms)
			ProcessInitializeOnLoadAttributes (495ms)
			ProcessInitializeOnLoadMethodAttributes (43ms)
			AfterProcessingInitializeOnLoad (6ms)
			EditorAssembliesLoaded (0ms)
		ExecutionOrderSort2 (0ms)
		AwakeInstancesAfterBackupRestoration (7ms)
Refreshing native plugins compatible for Editor in 2.15 ms, found 3 plugins.
Preloading 0 native plugins for Editor in 0.00 ms.
Unloading 2 Unused Serialized files (Serialized files now loaded: 0)
Unloading 4402 unused Assets / (1.8 MB). Loaded Objects now: 4889.
Memory consumption went from 116.6 MB to 114.8 MB.
Total: 16.479600 ms (FindLiveObjects: 1.680700 ms CreateObjectMapping: 1.248700 ms MarkObjects: 10.225300 ms  DeleteObjects: 3.323300 ms)

Prepare: number of updated asset objects reloaded= 0
========================================================================
Received Prepare
Assembly reference Packages/com.unity.cinemachine/Editor/Samples/ExposeHDRPInternals/HDRP-Editor-ref.asmref has no target assembly definition
Assembly reference Packages/com.unity.cinemachine/Editor/Samples/ExposeHDRPInternals/HDRP-Editor-ref.asmref has no target assembly definition
Begin MonoManager ReloadAssembly
Symbol file LoadedFromMemory is not a mono symbol file
- Loaded All Assemblies, in  0.710 seconds
Assembly reference Packages/com.unity.cinemachine/Editor/Samples/ExposeHDRPInternals/HDRP-Editor-ref.asmref has no target assembly definition
'Packages/com.unity.cinemachine/Editor/Obsolete/CinemachineVirtualCameraBaseEditor.cs' contains partial class of Unity.Object, exactly 1 of the partial classes needs to be in a file with the same filename. This is to know the one that can be referenced from ie. GameObjects
'Packages/com.unity.cinemachine/Editor/Editors/CinemachineVirtualCameraBaseEditor.cs' contains partial class of Unity.Object, exactly 1 of the partial classes needs to be in a file with the same filename. This is to know the one that can be referenced from ie. GameObjects
Refreshing native plugins compatible for Editor in 1.14 ms, found 3 plugins.
Native extension for Android target not found
Native extension for UWP target not found
Native extension for WindowsStandalone target not found
Assembly reference Packages/com.unity.cinemachine/Editor/Samples/ExposeHDRPInternals/HDRP-Editor-ref.asmref has no target assembly definition
[Package Manager] Failed to launch server process. Reason: Unity was launched with the -noUpm command-line argument
[Package Manager] Unable to send message (not connected to server process).
[Package Manager] Cannot connect to Unity Package Manager local server
Mono: successfully reloaded assembly
- Finished resetting the current domain, in  0.656 seconds
Domain Reload Profiling: 1364ms
	BeginReloadAssembly (176ms)
		ExecutionOrderSort (0ms)
		DisableScriptedObjects (5ms)
		BackupInstance (0ms)
		ReleaseScriptingObjects (0ms)
		CreateAndSetChildDomain (47ms)
	RebuildCommonClasses (33ms)
	RebuildNativeTypeToScriptingClass (11ms)
	initialDomainReloadingComplete (31ms)
	LoadAllAssembliesAndSetupDomain (457ms)
		LoadAssemblies (368ms)
		RebuildTransferFunctionScriptingTraits (0ms)
		AnalyzeDomain (177ms)
			TypeCache.Refresh (7ms)
				TypeCache.ScanAssembly (0ms)
			BuildScriptInfoCaches (162ms)
			ResolveRequiredComponents (5ms)
	FinalizeReload (657ms)
		ReleaseScriptCaches (0ms)
		RebuildScriptCaches (0ms)
		SetupLoadedEditorAssemblies (518ms)
			LogAssemblyErrors (0ms)
			InitializePlatformSupportModulesInManaged (15ms)
			SetLoadedEditorAssemblies (42ms)
			BeforeProcessingInitializeOnLoad (109ms)
			ProcessInitializeOnLoadAttributes (317ms)
			ProcessInitializeOnLoadMethodAttributes (31ms)
			AfterProcessingInitializeOnLoad (5ms)
			EditorAssembliesLoaded (0ms)
		ExecutionOrderSort2 (0ms)
		AwakeInstancesAfterBackupRestoration (5ms)
Refreshing native plugins compatible for Editor in 2.19 ms, found 3 plugins.
Preloading 0 native plugins for Editor in 0.00 ms.
Unloading 2 Unused Serialized files (Serialized files now loaded: 0)
Unloading 4402 unused Assets / (1.6 MB). Loaded Objects now: 4889.
Memory consumption went from 116.6 MB to 115.0 MB.
Total: 11.098600 ms (FindLiveObjects: 0.796600 ms CreateObjectMapping: 0.592000 ms MarkObjects: 7.192700 ms  DeleteObjects: 2.515000 ms)

Prepare: number of updated asset objects reloaded= 0
========================================================================
Received Prepare
Assembly reference Packages/com.unity.cinemachine/Editor/Samples/ExposeHDRPInternals/HDRP-Editor-ref.asmref has no target assembly definition
Assembly reference Packages/com.unity.cinemachine/Editor/Samples/ExposeHDRPInternals/HDRP-Editor-ref.asmref has no target assembly definition
Begin MonoManager ReloadAssembly
Symbol file LoadedFromMemory is not a mono symbol file
- Loaded All Assemblies, in  0.734 seconds
Assembly reference Packages/com.unity.cinemachine/Editor/Samples/ExposeHDRPInternals/HDRP-Editor-ref.asmref has no target assembly definition
'Packages/com.unity.cinemachine/Editor/Obsolete/CinemachineVirtualCameraBaseEditor.cs' contains partial class of Unity.Object, exactly 1 of the partial classes needs to be in a file with the same filename. This is to know the one that can be referenced from ie. GameObjects
'Packages/com.unity.cinemachine/Editor/Editors/CinemachineVirtualCameraBaseEditor.cs' contains partial class of Unity.Object, exactly 1 of the partial classes needs to be in a file with the same filename. This is to know the one that can be referenced from ie. GameObjects
Refreshing native plugins compatible for Editor in 1.23 ms, found 3 plugins.
Native extension for Android target not found
Native extension for UWP target not found
Native extension for WindowsStandalone target not found
Assembly reference Packages/com.unity.cinemachine/Editor/Samples/ExposeHDRPInternals/HDRP-Editor-ref.asmref has no target assembly definition
[Package Manager] Failed to launch server process. Reason: Unity was launched with the -noUpm command-line argument
[Package Manager] Unable to send message (not connected to server process).
[Package Manager] Cannot connect to Unity Package Manager local server
Mono: successfully reloaded assembly
- Finished resetting the current domain, in  0.733 seconds
Domain Reload Profiling: 1467ms
	BeginReloadAssembly (193ms)
		ExecutionOrderSort (0ms)
		DisableScriptedObjects (5ms)
		BackupInstance (0ms)
		ReleaseScriptingObjects (0ms)
		CreateAndSetChildDomain (52ms)
	RebuildCommonClasses (46ms)
	RebuildNativeTypeToScriptingClass (17ms)
	initialDomainReloadingComplete (41ms)
	LoadAllAssembliesAndSetupDomain (436ms)
		LoadAssemblies (348ms)
		RebuildTransferFunctionScriptingTraits (0ms)
		AnalyzeDomain (182ms)
			TypeCache.Refresh (6ms)
				TypeCache.ScanAssembly (0ms)
			BuildScriptInfoCaches (166ms)
			ResolveRequiredComponents (6ms)
	FinalizeReload (733ms)
		ReleaseScriptCaches (0ms)
		RebuildScriptCaches (0ms)
		SetupLoadedEditorAssemblies (589ms)
			LogAssemblyErrors (0ms)
			InitializePlatformSupportModulesInManaged (15ms)
			SetLoadedEditorAssemblies (5ms)
			BeforeProcessingInitializeOnLoad (178ms)
			ProcessInitializeOnLoadAttributes (355ms)
			ProcessInitializeOnLoadMethodAttributes (27ms)
			AfterProcessingInitializeOnLoad (9ms)
			EditorAssembliesLoaded (0ms)
		ExecutionOrderSort2 (0ms)
		AwakeInstancesAfterBackupRestoration (9ms)
Refreshing native plugins compatible for Editor in 1.62 ms, found 3 plugins.
Preloading 0 native plugins for Editor in 0.00 ms.
Unloading 2 Unused Serialized files (Serialized files now loaded: 0)
Unloading 4402 unused Assets / (1.6 MB). Loaded Objects now: 4889.
Memory consumption went from 116.6 MB to 115.0 MB.
Total: 12.285600 ms (FindLiveObjects: 0.782000 ms CreateObjectMapping: 0.987200 ms MarkObjects: 7.810500 ms  DeleteObjects: 2.703700 ms)

Prepare: number of updated asset objects reloaded= 0
========================================================================
Received Prepare
Assembly reference Packages/com.unity.cinemachine/Editor/Samples/ExposeHDRPInternals/HDRP-Editor-ref.asmref has no target assembly definition
Assembly reference Packages/com.unity.cinemachine/Editor/Samples/ExposeHDRPInternals/HDRP-Editor-ref.asmref has no target assembly definition
Begin MonoManager ReloadAssembly
Symbol file LoadedFromMemory is not a mono symbol file
- Loaded All Assemblies, in  0.604 seconds
Assembly reference Packages/com.unity.cinemachine/Editor/Samples/ExposeHDRPInternals/HDRP-Editor-ref.asmref has no target assembly definition
'Packages/com.unity.cinemachine/Editor/Obsolete/CinemachineVirtualCameraBaseEditor.cs' contains partial class of Unity.Object, exactly 1 of the partial classes needs to be in a file with the same filename. This is to know the one that can be referenced from ie. GameObjects
'Packages/com.unity.cinemachine/Editor/Editors/CinemachineVirtualCameraBaseEditor.cs' contains partial class of Unity.Object, exactly 1 of the partial classes needs to be in a file with the same filename. This is to know the one that can be referenced from ie. GameObjects
Refreshing native plugins compatible for Editor in 1.50 ms, found 3 plugins.
Native extension for Android target not found
Native extension for UWP target not found
Native extension for WindowsStandalone target not found
Assembly reference Packages/com.unity.cinemachine/Editor/Samples/ExposeHDRPInternals/HDRP-Editor-ref.asmref has no target assembly definition
[Package Manager] Failed to launch server process. Reason: Unity was launched with the -noUpm command-line argument
[Package Manager] Unable to send message (not connected to server process).
[Package Manager] Cannot connect to Unity Package Manager local server
Mono: successfully reloaded assembly
- Finished resetting the current domain, in  0.564 seconds
Domain Reload Profiling: 1168ms
	BeginReloadAssembly (176ms)
		ExecutionOrderSort (0ms)
		DisableScriptedObjects (5ms)
		BackupInstance (0ms)
		ReleaseScriptingObjects (0ms)
		CreateAndSetChildDomain (49ms)
	RebuildCommonClasses (34ms)
	RebuildNativeTypeToScriptingClass (13ms)
	initialDomainReloadingComplete (26ms)
	LoadAllAssembliesAndSetupDomain (354ms)
		LoadAssemblies (282ms)
		RebuildTransferFunctionScriptingTraits (0ms)
		AnalyzeDomain (157ms)
			TypeCache.Refresh (6ms)
				TypeCache.ScanAssembly (0ms)
			BuildScriptInfoCaches (143ms)
			ResolveRequiredComponents (5ms)
	FinalizeReload (565ms)
		ReleaseScriptCaches (0ms)
		RebuildScriptCaches (0ms)
		SetupLoadedEditorAssemblies (447ms)
			LogAssemblyErrors (0ms)
			InitializePlatformSupportModulesInManaged (12ms)
			SetLoadedEditorAssemblies (5ms)
			BeforeProcessingInitializeOnLoad (88ms)
			ProcessInitializeOnLoadAttributes (315ms)
			ProcessInitializeOnLoadMethodAttributes (22ms)
			AfterProcessingInitializeOnLoad (5ms)
			EditorAssembliesLoaded (0ms)
		ExecutionOrderSort2 (0ms)
		AwakeInstancesAfterBackupRestoration (5ms)
Refreshing native plugins compatible for Editor in 1.46 ms, found 3 plugins.
Preloading 0 native plugins for Editor in 0.00 ms.
Unloading 2 Unused Serialized files (Serialized files now loaded: 0)
Unloading 4402 unused Assets / (1.4 MB). Loaded Objects now: 4889.
Memory consumption went from 116.6 MB to 115.2 MB.
Total: 11.090400 ms (FindLiveObjects: 0.843000 ms CreateObjectMapping: 0.849300 ms MarkObjects: 7.194700 ms  DeleteObjects: 2.201200 ms)

Prepare: number of updated asset objects reloaded= 0
========================================================================
Received Prepare
'Packages/com.unity.cinemachine/Editor/Obsolete/CinemachineVirtualCameraBaseEditor.cs' contains partial class of Unity.Object, exactly 1 of the partial classes needs to be in a file with the same filename. This is to know the one that can be referenced from ie. GameObjects
'Packages/com.unity.cinemachine/Editor/Editors/CinemachineVirtualCameraBaseEditor.cs' contains partial class of Unity.Object, exactly 1 of the partial classes needs to be in a file with the same filename. This is to know the one that can be referenced from ie. GameObjects
Refreshing native plugins compatible for Editor in 2.07 ms, found 3 plugins.
Preloading 0 native plugins for Editor in 0.00 ms.
Unloading 2 Unused Serialized files (Serialized files now loaded: 0)
Unloading 4395 unused Assets / (1.6 MB). Loaded Objects now: 4889.
Memory consumption went from 116.8 MB to 115.2 MB.
Total: 12.218800 ms (FindLiveObjects: 0.835300 ms CreateObjectMapping: 0.833900 ms MarkObjects: 7.883800 ms  DeleteObjects: 2.663600 ms)

Prepare: number of updated asset objects reloaded= 0
========================================================================
Received Prepare
Assembly reference Packages/com.unity.cinemachine/Editor/Samples/ExposeHDRPInternals/HDRP-Editor-ref.asmref has no target assembly definition
Assembly reference Packages/com.unity.cinemachine/Editor/Samples/ExposeHDRPInternals/HDRP-Editor-ref.asmref has no target assembly definition
Begin MonoManager ReloadAssembly
Symbol file LoadedFromMemory is not a mono symbol file
- Loaded All Assemblies, in  0.727 seconds
Assembly reference Packages/com.unity.cinemachine/Editor/Samples/ExposeHDRPInternals/HDRP-Editor-ref.asmref has no target assembly definition
'Packages/com.unity.cinemachine/Editor/Obsolete/CinemachineVirtualCameraBaseEditor.cs' contains partial class of Unity.Object, exactly 1 of the partial classes needs to be in a file with the same filename. This is to know the one that can be referenced from ie. GameObjects
'Packages/com.unity.cinemachine/Editor/Editors/CinemachineVirtualCameraBaseEditor.cs' contains partial class of Unity.Object, exactly 1 of the partial classes needs to be in a file with the same filename. This is to know the one that can be referenced from ie. GameObjects
Refreshing native plugins compatible for Editor in 0.89 ms, found 3 plugins.
Native extension for Android target not found
Native extension for UWP target not found
Native extension for WindowsStandalone target not found
Assembly reference Packages/com.unity.cinemachine/Editor/Samples/ExposeHDRPInternals/HDRP-Editor-ref.asmref has no target assembly definition
[Package Manager] Failed to launch server process. Reason: Unity was launched with the -noUpm command-line argument
[Package Manager] Unable to send message (not connected to server process).
[Package Manager] Cannot connect to Unity Package Manager local server
Mono: successfully reloaded assembly
- Finished resetting the current domain, in  0.640 seconds
Domain Reload Profiling: 1366ms
	BeginReloadAssembly (192ms)
		ExecutionOrderSort (0ms)
		DisableScriptedObjects (7ms)
		BackupInstance (0ms)
		ReleaseScriptingObjects (0ms)
		CreateAndSetChildDomain (47ms)
	RebuildCommonClasses (45ms)
	RebuildNativeTypeToScriptingClass (17ms)
	initialDomainReloadingComplete (34ms)
	LoadAllAssembliesAndSetupDomain (438ms)
		LoadAssemblies (335ms)
		RebuildTransferFunctionScriptingTraits (0ms)
		AnalyzeDomain (199ms)
			TypeCache.Refresh (8ms)
				TypeCache.ScanAssembly (0ms)
			BuildScriptInfoCaches (178ms)
			ResolveRequiredComponents (8ms)
	FinalizeReload (640ms)
		ReleaseScriptCaches (0ms)
		RebuildScriptCaches (0ms)
		SetupLoadedEditorAssemblies (524ms)
			LogAssemblyErrors (0ms)
			InitializePlatformSupportModulesInManaged (14ms)
			SetLoadedEditorAssemblies (6ms)
			BeforeProcessingInitializeOnLoad (112ms)
			ProcessInitializeOnLoadAttributes (360ms)
			ProcessInitializeOnLoadMethodAttributes (28ms)
			AfterProcessingInitializeOnLoad (5ms)
			EditorAssembliesLoaded (0ms)
		ExecutionOrderSort2 (0ms)
		AwakeInstancesAfterBackupRestoration (7ms)
Refreshing native plugins compatible for Editor in 1.80 ms, found 3 plugins.
Preloading 0 native plugins for Editor in 0.00 ms.
Unloading 2 Unused Serialized files (Serialized files now loaded: 0)
Unloading 4402 unused Assets / (1.6 MB). Loaded Objects now: 4889.
Memory consumption went from 116.6 MB to 115.0 MB.
Total: 11.281200 ms (FindLiveObjects: 0.893100 ms CreateObjectMapping: 0.795100 ms MarkObjects: 7.163800 ms  DeleteObjects: 2.427100 ms)

Prepare: number of updated asset objects reloaded= 0
========================================================================
Received Prepare
'Packages/com.unity.cinemachine/Editor/Obsolete/CinemachineVirtualCameraBaseEditor.cs' contains partial class of Unity.Object, exactly 1 of the partial classes needs to be in a file with the same filename. This is to know the one that can be referenced from ie. GameObjects
'Packages/com.unity.cinemachine/Editor/Editors/CinemachineVirtualCameraBaseEditor.cs' contains partial class of Unity.Object, exactly 1 of the partial classes needs to be in a file with the same filename. This is to know the one that can be referenced from ie. GameObjects
Refreshing native plugins compatible for Editor in 2.69 ms, found 3 plugins.
Preloading 0 native plugins for Editor in 0.00 ms.
Unloading 2 Unused Serialized files (Serialized files now loaded: 0)
Unloading 4395 unused Assets / (1.8 MB). Loaded Objects now: 4889.
Memory consumption went from 116.8 MB to 115.0 MB.
Total: 40.293700 ms (FindLiveObjects: 1.709700 ms CreateObjectMapping: 1.604900 ms MarkObjects: 33.695500 ms  DeleteObjects: 3.281400 ms)

Prepare: number of updated asset objects reloaded= 0
========================================================================
Received Prepare
Assembly reference Packages/com.unity.cinemachine/Editor/Samples/ExposeHDRPInternals/HDRP-Editor-ref.asmref has no target assembly definition
Assembly reference Packages/com.unity.cinemachine/Editor/Samples/ExposeHDRPInternals/HDRP-Editor-ref.asmref has no target assembly definition
Begin MonoManager ReloadAssembly
Symbol file LoadedFromMemory is not a mono symbol file
- Loaded All Assemblies, in  1.130 seconds
Assembly reference Packages/com.unity.cinemachine/Editor/Samples/ExposeHDRPInternals/HDRP-Editor-ref.asmref has no target assembly definition
'Packages/com.unity.cinemachine/Editor/Obsolete/CinemachineVirtualCameraBaseEditor.cs' contains partial class of Unity.Object, exactly 1 of the partial classes needs to be in a file with the same filename. This is to know the one that can be referenced from ie. GameObjects
'Packages/com.unity.cinemachine/Editor/Editors/CinemachineVirtualCameraBaseEditor.cs' contains partial class of Unity.Object, exactly 1 of the partial classes needs to be in a file with the same filename. This is to know the one that can be referenced from ie. GameObjects
Refreshing native plugins compatible for Editor in 1.86 ms, found 3 plugins.
Native extension for Android target not found
Native extension for UWP target not found
Native extension for WindowsStandalone target not found
Assembly reference Packages/com.unity.cinemachine/Editor/Samples/ExposeHDRPInternals/HDRP-Editor-ref.asmref has no target assembly definition
[Package Manager] Failed to launch server process. Reason: Unity was launched with the -noUpm command-line argument
[Package Manager] Unable to send message (not connected to server process).
[Package Manager] Cannot connect to Unity Package Manager local server
Mono: successfully reloaded assembly
- Finished resetting the current domain, in  0.613 seconds
Domain Reload Profiling: 1744ms
	BeginReloadAssembly (333ms)
		ExecutionOrderSort (0ms)
		DisableScriptedObjects (11ms)
		BackupInstance (0ms)
		ReleaseScriptingObjects (0ms)
		CreateAndSetChildDomain (91ms)
	RebuildCommonClasses (48ms)
	RebuildNativeTypeToScriptingClass (12ms)
	initialDomainReloadingComplete (36ms)
	LoadAllAssembliesAndSetupDomain (701ms)
		LoadAssemblies (607ms)
		RebuildTransferFunctionScriptingTraits (0ms)
		AnalyzeDomain (265ms)
			TypeCache.Refresh (9ms)
				TypeCache.ScanAssembly (0ms)
			BuildScriptInfoCaches (240ms)
			ResolveRequiredComponents (10ms)
	FinalizeReload (614ms)
		ReleaseScriptCaches (0ms)
		RebuildScriptCaches (0ms)
		SetupLoadedEditorAssemblies (445ms)
			LogAssemblyErrors (0ms)
			InitializePlatformSupportModulesInManaged (22ms)
			SetLoadedEditorAssemblies (7ms)
			BeforeProcessingInitializeOnLoad (84ms)
			ProcessInitializeOnLoadAttributes (303ms)
			ProcessInitializeOnLoadMethodAttributes (24ms)
			AfterProcessingInitializeOnLoad (5ms)
			EditorAssembliesLoaded (0ms)
		ExecutionOrderSort2 (0ms)
		AwakeInstancesAfterBackupRestoration (5ms)
Refreshing native plugins compatible for Editor in 1.79 ms, found 3 plugins.
Preloading 0 native plugins for Editor in 0.00 ms.
Unloading 2 Unused Serialized files (Serialized files now loaded: 0)
Unloading 4402 unused Assets / (2.3 MB). Loaded Objects now: 4889.
Memory consumption went from 116.6 MB to 114.3 MB.
Total: 13.416300 ms (FindLiveObjects: 0.828200 ms CreateObjectMapping: 0.761000 ms MarkObjects: 8.113300 ms  DeleteObjects: 3.712100 ms)

Prepare: number of updated asset objects reloaded= 0
========================================================================
Received Prepare
Assembly reference Packages/com.unity.cinemachine/Editor/Samples/ExposeHDRPInternals/HDRP-Editor-ref.asmref has no target assembly definition
Assembly reference Packages/com.unity.cinemachine/Editor/Samples/ExposeHDRPInternals/HDRP-Editor-ref.asmref has no target assembly definition
Begin MonoManager ReloadAssembly
Symbol file LoadedFromMemory is not a mono symbol file
- Loaded All Assemblies, in  0.589 seconds
Assembly reference Packages/com.unity.cinemachine/Editor/Samples/ExposeHDRPInternals/HDRP-Editor-ref.asmref has no target assembly definition
'Packages/com.unity.cinemachine/Editor/Obsolete/CinemachineVirtualCameraBaseEditor.cs' contains partial class of Unity.Object, exactly 1 of the partial classes needs to be in a file with the same filename. This is to know the one that can be referenced from ie. GameObjects
'Packages/com.unity.cinemachine/Editor/Editors/CinemachineVirtualCameraBaseEditor.cs' contains partial class of Unity.Object, exactly 1 of the partial classes needs to be in a file with the same filename. This is to know the one that can be referenced from ie. GameObjects
Refreshing native plugins compatible for Editor in 0.94 ms, found 3 plugins.
Native extension for Android target not found
Native extension for UWP target not found
Native extension for WindowsStandalone target not found
Assembly reference Packages/com.unity.cinemachine/Editor/Samples/ExposeHDRPInternals/HDRP-Editor-ref.asmref has no target assembly definition
[Package Manager] Failed to launch server process. Reason: Unity was launched with the -noUpm command-line argument
[Package Manager] Unable to send message (not connected to server process).
[Package Manager] Cannot connect to Unity Package Manager local server
Mono: successfully reloaded assembly
- Finished resetting the current domain, in  0.545 seconds
Domain Reload Profiling: 1134ms
	BeginReloadAssembly (170ms)
		ExecutionOrderSort (0ms)
		DisableScriptedObjects (5ms)
		BackupInstance (0ms)
		ReleaseScriptingObjects (0ms)
		CreateAndSetChildDomain (44ms)
	RebuildCommonClasses (32ms)
	RebuildNativeTypeToScriptingClass (10ms)
	initialDomainReloadingComplete (26ms)
	LoadAllAssembliesAndSetupDomain (350ms)
		LoadAssemblies (279ms)
		RebuildTransferFunctionScriptingTraits (0ms)
		AnalyzeDomain (156ms)
			TypeCache.Refresh (7ms)
				TypeCache.ScanAssembly (0ms)
			BuildScriptInfoCaches (141ms)
			ResolveRequiredComponents (5ms)
	FinalizeReload (545ms)
		ReleaseScriptCaches (0ms)
		RebuildScriptCaches (0ms)
		SetupLoadedEditorAssemblies (425ms)
			LogAssemblyErrors (0ms)
			InitializePlatformSupportModulesInManaged (11ms)
			SetLoadedEditorAssemblies (5ms)
			BeforeProcessingInitializeOnLoad (91ms)
			ProcessInitializeOnLoadAttributes (290ms)
			ProcessInitializeOnLoadMethodAttributes (22ms)
			AfterProcessingInitializeOnLoad (5ms)
			EditorAssembliesLoaded (0ms)
		ExecutionOrderSort2 (0ms)
		AwakeInstancesAfterBackupRestoration (5ms)
Refreshing native plugins compatible for Editor in 1.69 ms, found 3 plugins.
Preloading 0 native plugins for Editor in 0.00 ms.
Unloading 2 Unused Serialized files (Serialized files now loaded: 0)
Unloading 4402 unused Assets / (2.0 MB). Loaded Objects now: 4889.
Memory consumption went from 116.6 MB to 114.7 MB.
Total: 12.295100 ms (FindLiveObjects: 0.788400 ms CreateObjectMapping: 0.800600 ms MarkObjects: 7.639400 ms  DeleteObjects: 3.064800 ms)

Prepare: number of updated asset objects reloaded= 0
